"INDICATOR","HFA_357"

"HFA_357","Incidence of cancer per 100 000, by sex"

"UNIT_TYPE","Unit"
"CASES_100K","cases per 100 000 population"

"EXTERNID","ID in the originating data source"

"DATA_SOURCE","Data source"
"HFA","European Health for All database"

"DATA_TYPE_REPRESENTATION","Data type representation"
"RATIO","Ratio"

"DATA_SET","Data set"
"HFA","European Health for All database (WHO)"
"JMF","Joint Monitoring Framework (JMF)"

"DATA_MASK","Mask for controlling the output format of values"

"SEX","Sex"
"FEMALE","Female"
"MALE","Male"
"ALL","All"

"COUNTRY","COUNTRY_GRP","SEX","YEAR","VALUE"
"ALB","","ALL","1990","85.59"
"ALB","","ALL","1991","62.4"
"ALB","","ALL","1992","63.45"
"ALB","","ALL","1993","67.4"
"ALB","","ALL","1994","68.49"
"ALB","","ALL","1995","73.78"
"ALB","","ALL","1996","83.31"
"ALB","","ALL","1997","71.32"
"ALB","","ALL","1998","83.89"
"ALB","","ALL","1999","81.93"
"ALB","","ALL","2000","102.89"
"ALB","","ALL","2001","100.28"
"ALB","","ALL","2002","95.78"
"ALB","","ALL","2003","99.91"
"ALB","","ALL","2004","103.35"
"ALB","","ALL","2005","107.92"
"ALB","","ALL","2007","105.45"
"ALB","","ALL","2008","117.67"
"ALB","","ALL","2009","110.13"
"ALB","","ALL","2010","121.04"
"ALB","","ALL","2011","119.32"
"ALB","","ALL","2012","117.09"
"ALB","","ALL","2013","135.88"
"ALB","","ALL","2015","189.4"
"ALB","","ALL","2016","189.34"
"ALB","","ALL","2017","220.36"
"ALB","","ALL","2018","217.3"
"ALB","","ALL","2019","221"
"ALB","","ALL","2020","155.18"
"ALB","","ALL","2021","214.68"
"ARM","","ALL","1980","114.31"
"ARM","","ALL","1981","129.06"
"ARM","","ALL","1982","131.74"
"ARM","","ALL","1983","134.73"
"ARM","","ALL","1984","141.63"
"ARM","","ALL","1985","145.75"
"ARM","","ALL","1986","149.72"
"ARM","","ALL","1987","155.01"
"ARM","","ALL","1988","157.9"
"ARM","","ALL","1989","159.4"
"ARM","","ALL","1990","154.02"
"ARM","","ALL","1991","135.8"
"ARM","","ALL","1992","121.07"
"ARM","","ALL","1993","132.46"
"ARM","","ALL","1994","134.51"
"ARM","","ALL","1995","144.31"
"ARM","","ALL","1996","146.42"
"ARM","","ALL","1997","145.07"
"ARM","","ALL","1998","158.88"
"ARM","","ALL","1999","167.54"
"ARM","","ALL","2000","167.75"
"ARM","","ALL","2001","176.22"
"ARM","","ALL","2002","178.56"
"ARM","","ALL","2003","185.32"
"ARM","","ALL","2004","192.1"
"ARM","","ALL","2005","198.79"
"ARM","","ALL","2006","221.76"
"ARM","","ALL","2007","226.06"
"ARM","","ALL","2008","226.84"
"ARM","","ALL","2009","236.06"
"ARM","","ALL","2010","233.2"
"ARM","","ALL","2011","240.42"
"ARM","","ALL","2012","260.47"
"ARM","","ALL","2013","261.78"
"ARM","","ALL","2014","278.26"
"ARM","","ALL","2015","277.43"
"ARM","","ALL","2016","276.8"
"ARM","","ALL","2017","281.56"
"ARM","","ALL","2018","230.62"
"ARM","","ALL","2019","266.35"
"ARM","","ALL","2020","234.06"
"ARM","","ALL","2021","257.91"
"ARM","","ALL","2022","292.86"
"AUT","","ALL","1983","388.02"
"AUT","","ALL","1984","392.31"
"AUT","","ALL","1985","386.78"
"AUT","","ALL","1986","380.88"
"AUT","","ALL","1987","390.89"
"AUT","","ALL","1988","414.75"
"AUT","","ALL","1989","418.65"
"AUT","","ALL","1990","407.59"
"AUT","","ALL","1991","402.73"
"AUT","","ALL","1992","402.06"
"AUT","","ALL","1993","419.94"
"AUT","","ALL","1994","425.17"
"AUT","","ALL","1995","434.03"
"AUT","","ALL","1996","445.04"
"AUT","","ALL","1997","459.01"
"AUT","","ALL","1998","459.46"
"AUT","","ALL","1999","449.26"
"AUT","","ALL","2000","469.4"
"AUT","","ALL","2001","467.14"
"AUT","","ALL","2002","466.97"
"AUT","","ALL","2003","477.43"
"AUT","","ALL","2004","481.47"
"AUT","","ALL","2005","465.99"
"AUT","","ALL","2006","478.01"
"AUT","","ALL","2007","478.69"
"AUT","","ALL","2008","474.48"
"AUT","","ALL","2009","471.09"
"AUT","","ALL","2010","474.66"
"AUT","","ALL","2011","476.85"
"AUT","","ALL","2012","481.36"
"AUT","","ALL","2013","474.16"
"AUT","","ALL","2014","486.46"
"AUT","","ALL","2015","490.66"
"AUT","","ALL","2016","498.11"
"AUT","","ALL","2017","492.48"
"AUT","","ALL","2018","483.82"
"AUT","","ALL","2019","493.79"
"AUT","","ALL","2020","485.65"
"AUT","","ALL","2021","504.88"
"AUT","","ALL","2022","500.74"
"AZE","","ALL","1990","132.96"
"AZE","","ALL","1991","108.07"
"AZE","","ALL","1992","89.26"
"AZE","","ALL","1993","71.3"
"AZE","","ALL","1994","71.41"
"AZE","","ALL","1995","83.59"
"AZE","","ALL","1996","73.42"
"AZE","","ALL","1997","69.7"
"AZE","","ALL","1998","61.14"
"AZE","","ALL","1999","58.35"
"AZE","","ALL","2000","59.69"
"AZE","","ALL","2001","62.7"
"AZE","","ALL","2002","64.89"
"AZE","","ALL","2003","67.9"
"AZE","","ALL","2004","73.54"
"AZE","","ALL","2005","74.8"
"AZE","","ALL","2006","78.5"
"AZE","","ALL","2007","81.89"
"AZE","","ALL","2008","83.47"
"AZE","","ALL","2009","85.54"
"AZE","","ALL","2010","89.67"
"AZE","","ALL","2011","92.65"
"AZE","","ALL","2012","92.39"
"AZE","","ALL","2013","96.25"
"AZE","","ALL","2014","99.1"
"AZE","","ALL","2015","105.53"
"AZE","","ALL","2016","109.51"
"AZE","","ALL","2017","113.58"
"BEL","","ALL","1990","322"
"BEL","","ALL","1991","333.04"
"BEL","","ALL","1992","319.49"
"BEL","","ALL","1993","324.7"
"BEL","","ALL","1994","304.26"
"BEL","","ALL","1995","304.12"
"BEL","","ALL","1996","330.12"
"BEL","","ALL","1997","373.23"
"BEL","","ALL","1998","401.81"
"BEL","","ALL","1999","439.23"
"BEL","","ALL","2000","460.51"
"BEL","","ALL","2001","467.5"
"BEL","","ALL","2002","476.23"
"BEL","","ALL","2003","499.98"
"BEL","","ALL","2004","582.9"
"BEL","","ALL","2005","573.95"
"BEL","","ALL","2006","576.53"
"BEL","","ALL","2007","559.77"
"BEL","","ALL","2008","560.19"
"BEL","","ALL","2009","561.03"
"BEL","","ALL","2010","571.78"
"BEL","","ALL","2011","584.52"
"BEL","","ALL","2012","586.77"
"BEL","","ALL","2013","585.83"
"BEL","","ALL","2014","604.12"
"BEL","","ALL","2015","595.49"
"BEL","","ALL","2016","599.86"
"BEL","","ALL","2017","602.8"
"BEL","","ALL","2018","616.34"
"BEL","","ALL","2019","626.69"
"BEL","","ALL","2020","597.96"
"BEL","","ALL","2021","646.93"
"BGR","","ALL","1980","232.69"
"BGR","","ALL","1981","235.12"
"BGR","","ALL","1982","238.36"
"BGR","","ALL","1983","238.36"
"BGR","","ALL","1984","243.03"
"BGR","","ALL","1985","233.08"
"BGR","","ALL","1986","251.22"
"BGR","","ALL","1987","253.51"
"BGR","","ALL","1988","258.72"
"BGR","","ALL","1989","254.41"
"BGR","","ALL","1990","245.12"
"BGR","","ALL","1991","250.02"
"BGR","","ALL","1992","267.65"
"BGR","","ALL","1993","272.12"
"BGR","","ALL","1994","291.2"
"BGR","","ALL","1995","285.1"
"BGR","","ALL","1996","310.79"
"BGR","","ALL","1997","290.05"
"BGR","","ALL","1998","318.95"
"BGR","","ALL","1999","324.25"
"BGR","","ALL","2000","320.14"
"BGR","","ALL","2001","356.25"
"BGR","","ALL","2002","376.42"
"BGR","","ALL","2003","376.4"
"BGR","","ALL","2004","383.17"
"BGR","","ALL","2005","379.26"
"BGR","","ALL","2006","393.26"
"BGR","","ALL","2007","413.93"
"BGR","","ALL","2008","426.03"
"BGR","","ALL","2009","438.3"
"BGR","","ALL","2010","425.61"
"BGR","","ALL","2011","444.56"
"BGR","","ALL","2012","432.36"
"BGR","","ALL","2013","461.86"
"BGR","","ALL","2014","443.36"
"BGR","","ALL","2015","448.92"
"BGR","","ALL","2016","437.33"
"BGR","","ALL","2017","423.47"
"BGR","","ALL","2018","402.56"
"BGR","","ALL","2019","427.43"
"BGR","","ALL","2020","396.9"
"BGR","","ALL","2021","392.18"
"BGR","","ALL","2022","386.84"
"BIH","","ALL","1986","63.22"
"BIH","","ALL","1987","56.94"
"BIH","","ALL","1988","61.55"
"BIH","","ALL","1989","79.86"
"BIH","","ALL","2009","251.19"
"BIH","","ALL","2010","202.08"
"BIH","","ALL","2011","215.48"
"BIH","","ALL","2012","232.54"
"BIH","","ALL","2013","230.18"
"BIH","","ALL","2014","213.36"
"BIH","","ALL","2015","273.01"
"BIH","","ALL","2016","126.67"
"BIH","","ALL","2017","194.42"
"BIH","","ALL","2018","154.94"
"BIH","","ALL","2019","154.94"
"BLR","","ALL","1993","284.02"
"BLR","","ALL","1994","294.42"
"BLR","","ALL","1995","298.59"
"BLR","","ALL","1996","314.92"
"BLR","","ALL","1997","319.1"
"BLR","","ALL","1998","328.94"
"BLR","","ALL","1999","330.36"
"BLR","","ALL","2000","328.7"
"BLR","","ALL","2001","338.81"
"BLR","","ALL","2002","346.09"
"BLR","","ALL","2003","351.87"
"BLR","","ALL","2004","376.77"
"BLR","","ALL","2005","367.18"
"BLR","","ALL","2006","374.44"
"BLR","","ALL","2007","402.01"
"BLR","","ALL","2008","411.09"
"BLR","","ALL","2009","412.81"
"BLR","","ALL","2010","442.9"
"BLR","","ALL","2011","446.69"
"BLR","","ALL","2012","456.81"
"BLR","","ALL","2013","464.93"
"BLR","","ALL","2014","483"
"BLR","","ALL","2015","513.05"
"BLR","","ALL","2016","522.95"
"BLR","","ALL","2017","537.78"
"BLR","","ALL","2018","554.48"
"BLR","","ALL","2019","571.55"
"BLR","","ALL","2021","487.8"
"BLR","","ALL","2022","556.01"
"","CARINFONET","ALL","1990","119.68"
"","CARINFONET","ALL","1991","117.95"
"","CARINFONET","ALL","1992","112.4"
"","CARINFONET","ALL","1993","108.97"
"","CARINFONET","ALL","1994","101.67"
"","CARINFONET","ALL","1995","96.73"
"","CARINFONET","ALL","1996","96.78"
"","CARINFONET","ALL","1997","96.67"
"","CARINFONET","ALL","1998","100.12"
"","CARINFONET","ALL","1999","99.1"
"","CARINFONET","ALL","2000","102.13"
"","CARINFONET","ALL","2001","100.86"
"","CARINFONET","ALL","2002","99.38"
"","CARINFONET","ALL","2003","99.09"
"","CARINFONET","ALL","2004","97.21"
"","CARINFONET","ALL","2005","96"
"","CARINFONET","ALL","2006","96.29"
"","CARINFONET","ALL","2007","96.11"
"","CARINFONET","ALL","2008","93.63"
"","CARINFONET","ALL","2009","95.6"
"","CARINFONET","ALL","2010","94.59"
"","CARINFONET","ALL","2011","95.32"
"","CARINFONET","ALL","2012","96.47"
"","CARINFONET","ALL","2013","97.96"
"","CARINFONET","ALL","2014","101.14"
"","CARINFONET","ALL","2015","104.51"
"","CARINFONET","ALL","2016","103.68"
"","CARINFONET","ALL","2017","101.03"
"","CARINFONET","ALL","2018","101.37"
"","CARINFONET","ALL","2019","103.32"
"","CARINFONET","ALL","2020","96.94"
"","CARINFONET","ALL","2021","98.9"
"","CARINFONET","ALL","2022","102.63"
"CHE","","ALL","1980","368.34"
"CHE","","ALL","1981","371.95"
"CHE","","ALL","1982","377.04"
"CHE","","ALL","1983","385.46"
"CHE","","ALL","1984","387.96"
"CHE","","ALL","1985","400.49"
"CHE","","ALL","1986","409.71"
"CHE","","ALL","1987","407.94"
"CHE","","ALL","1988","415.14"
"CHE","","ALL","1989","417.01"
"CHE","","ALL","1990","407.13"
"CHE","","ALL","1991","412.07"
"CHE","","ALL","1992","415"
"CHE","","ALL","1993","417.35"
"CHE","","ALL","1994","427.24"
"CHE","","ALL","1995","421.72"
"CHE","","ALL","1996","430.03"
"CHE","","ALL","1997","440.75"
"CHE","","ALL","1998","451.77"
"CHE","","ALL","1999","449.71"
"CHE","","ALL","2000","458.25"
"CHE","","ALL","2001","467.06"
"CHE","","ALL","2002","470.6"
"CHE","","ALL","2003","473.99"
"CHE","","ALL","2004","478.55"
"CHE","","ALL","2005","480.59"
"CHE","","ALL","2006","485.45"
"CHE","","ALL","2007","500.89"
"CHE","","ALL","2008","500.09"
"CHE","","ALL","2009","498.4"
"CHE","","ALL","2010","498.54"
"CHE","","ALL","2011","502.96"
"CHE","","ALL","2012","504.52"
"CHE","","ALL","2013","499.86"
"CHE","","ALL","2014","492.84"
"CHE","","ALL","2015","496.68"
"CHE","","ALL","2016","519.32"
"CHE","","ALL","2017","527.54"
"CHE","","ALL","2018","534.04"
"CHE","","ALL","2019","553.84"
"CHE","","ALL","2020","551.36"
"","CIS","ALL","1985","225.91"
"","CIS","ALL","1986","232.04"
"","CIS","ALL","1987","236.25"
"","CIS","ALL","1988","239.49"
"","CIS","ALL","1989","238.22"
"","CIS","ALL","1990","239.52"
"","CIS","ALL","1991","239.58"
"","CIS","ALL","1992","241.38"
"","CIS","ALL","1993","243.02"
"","CIS","ALL","1994","243.37"
"","CIS","ALL","1995","242.19"
"","CIS","ALL","1996","246.49"
"","CIS","ALL","1997","251.16"
"","CIS","ALL","1998","256.1"
"","CIS","ALL","1999","256.41"
"","CIS","ALL","2000","259.57"
"","CIS","ALL","2001","260.82"
"","CIS","ALL","2002","263.02"
"","CIS","ALL","2003","263.71"
"","CIS","ALL","2004","268.96"
"","CIS","ALL","2005","270.16"
"","CIS","ALL","2006","272.49"
"","CIS","ALL","2007","277.34"
"","CIS","ALL","2008","278.37"
"","CIS","ALL","2009","283.63"
"","CIS","ALL","2010","288.35"
"","CIS","ALL","2011","290.61"
"","CIS","ALL","2012","293.5"
"","CIS","ALL","2013","297.88"
"","CIS","ALL","2014","299.97"
"","CIS","ALL","2015","308.96"
"","CIS","ALL","2016","312.88"
"","CIS","ALL","2017","314.11"
"","CIS","ALL","2018","316.17"
"","CIS","ALL","2019","322.57"
"","CIS","ALL","2020","280.73"
"","CIS","ALL","2021","292.07"
"","CIS","ALL","2022","307.96"
"CYP","","ALL","1998","237.15"
"CYP","","ALL","1999","236.44"
"CYP","","ALL","2000","255.55"
"CYP","","ALL","2001","273.8"
"CYP","","ALL","2002","291.42"
"CYP","","ALL","2003","301.51"
"CYP","","ALL","2004","327.8"
"CYP","","ALL","2005","327.53"
"CYP","","ALL","2006","330.35"
"CYP","","ALL","2007","360.64"
"CYP","","ALL","2008","377.68"
"CYP","","ALL","2009","364.4"
"CYP","","ALL","2010","374.62"
"CYP","","ALL","2011","394.83"
"CYP","","ALL","2012","381.16"
"CYP","","ALL","2013","393.07"
"CYP","","ALL","2014","414.57"
"CYP","","ALL","2015","438.25"
"CYP","","ALL","2016","461.59"
"CYP","","ALL","2017","442.58"
"CYP","","ALL","2018","442.24"
"CYP","","ALL","2019","463.95"
"CYP","","ALL","2020","467.99"
"CZE","","ALL","1970","303.66"
"CZE","","ALL","1971","310.09"
"CZE","","ALL","1972","328.82"
"CZE","","ALL","1973","327.85"
"CZE","","ALL","1974","339.14"
"CZE","","ALL","1975","346.51"
"CZE","","ALL","1976","338.87"
"CZE","","ALL","1977","347.28"
"CZE","","ALL","1978","348.78"
"CZE","","ALL","1979","350.52"
"CZE","","ALL","1980","359.62"
"CZE","","ALL","1981","374.83"
"CZE","","ALL","1982","382.78"
"CZE","","ALL","1983","386.36"
"CZE","","ALL","1984","389.67"
"CZE","","ALL","1985","393.84"
"CZE","","ALL","1986","401.56"
"CZE","","ALL","1987","427.91"
"CZE","","ALL","1988","429.39"
"CZE","","ALL","1989","443.24"
"CZE","","ALL","1990","436.14"
"CZE","","ALL","1991","463.84"
"CZE","","ALL","1992","482.99"
"CZE","","ALL","1993","504.49"
"CZE","","ALL","1994","524.91"
"CZE","","ALL","1995","538.24"
"CZE","","ALL","1996","561.81"
"CZE","","ALL","1997","575.32"
"CZE","","ALL","1998","581.12"
"CZE","","ALL","1999","596.34"
"CZE","","ALL","2000","603.09"
"CZE","","ALL","2001","621.51"
"CZE","","ALL","2002","657.51"
"CZE","","ALL","2003","677.14"
"CZE","","ALL","2004","698.56"
"CZE","","ALL","2005","724.1"
"CZE","","ALL","2006","726.28"
"CZE","","ALL","2007","769.08"
"CZE","","ALL","2008","768.53"
"CZE","","ALL","2009","781.08"
"CZE","","ALL","2010","819.74"
"CZE","","ALL","2011","829.71"
"CZE","","ALL","2012","858.45"
"CZE","","ALL","2013","887.98"
"CZE","","ALL","2014","908.26"
"CZE","","ALL","2015","937.8"
"CZE","","ALL","2016","958.32"
"CZE","","ALL","2017","948.52"
"CZE","","ALL","2018","945.27"
"CZE","","ALL","2019","954.18"
"CZE","","ALL","2020","870.62"
"CZE","","ALL","2021","911.06"
"CZE","","ALL","2022","993.87"
"DEU","","ALL","1991","422.89"
"DEU","","ALL","1992","427.62"
"DEU","","ALL","1993","432.45"
"DEU","","ALL","1994","438.78"
"DEU","","ALL","1995","451.8"
"DEU","","ALL","1996","452.03"
"DEU","","ALL","1997","458.3"
"DEU","","ALL","1998","469.12"
"DEU","","ALL","1999","501.69"
"DEU","","ALL","2000","505.96"
"DEU","","ALL","2001","513.32"
"DEU","","ALL","2002","534.99"
"DEU","","ALL","2003","555.82"
"DEU","","ALL","2004","558.08"
"DEU","","ALL","2005","564.89"
"DEU","","ALL","2006","579.93"
"DEU","","ALL","2007","605.4"
"DEU","","ALL","2008","617.91"
"DEU","","ALL","2009","619.07"
"DEU","","ALL","2010","618.3"
"DEU","","ALL","2011","618.75"
"DEU","","ALL","2012","609.81"
"DEU","","ALL","2013","615.64"
"DEU","","ALL","2014","614.15"
"DEU","","ALL","2015","618.06"
"DEU","","ALL","2016","612.7"
"DEU","","ALL","2017","617.55"
"DEU","","ALL","2018","620.54"
"DEU","","ALL","2019","624.61"
"DEU","","ALL","2020","612.86"
"DNK","","ALL","1978","411.78"
"DNK","","ALL","1979","405.51"
"DNK","","ALL","1980","418.5"
"DNK","","ALL","1981","420.15"
"DNK","","ALL","1982","427.72"
"DNK","","ALL","1983","451.4"
"DNK","","ALL","1984","438.65"
"DNK","","ALL","1985","446.96"
"DNK","","ALL","1986","444.66"
"DNK","","ALL","1987","466.98"
"DNK","","ALL","1988","471.94"
"DNK","","ALL","1989","464.21"
"DNK","","ALL","1990","461.1"
"DNK","","ALL","1991","471.33"
"DNK","","ALL","1992","482.75"
"DNK","","ALL","1993","477.73"
"DNK","","ALL","1994","484.98"
"DNK","","ALL","1995","476.95"
"DNK","","ALL","1996","480.13"
"DNK","","ALL","1997","490.23"
"DNK","","ALL","1998","504.32"
"DNK","","ALL","1999","509.03"
"DNK","","ALL","2000","512.15"
"DNK","","ALL","2001","518.12"
"DNK","","ALL","2002","526.38"
"DNK","","ALL","2003","537.59"
"DNK","","ALL","2004","572.19"
"DNK","","ALL","2005","587.85"
"DNK","","ALL","2006","614.11"
"DNK","","ALL","2007","623.5"
"DNK","","ALL","2008","672.36"
"DNK","","ALL","2009","700.81"
"DNK","","ALL","2010","684.49"
"DNK","","ALL","2011","701.26"
"DNK","","ALL","2012","706.72"
"DNK","","ALL","2013","710.74"
"DNK","","ALL","2014","746.04"
"DNK","","ALL","2015","753.04"
"DNK","","ALL","2016","743.72"
"DNK","","ALL","2017","742.6"
"DNK","","ALL","2018","764.67"
"DNK","","ALL","2019","784.18"
"DNK","","ALL","2020","776.01"
"EST","","ALL","1970","250.57"
"EST","","ALL","1971","258.03"
"EST","","ALL","1972","252.35"
"EST","","ALL","1973","263.02"
"EST","","ALL","1974","271.97"
"EST","","ALL","1975","272.36"
"EST","","ALL","1976","268.83"
"EST","","ALL","1977","263.82"
"EST","","ALL","1978","266.54"
"EST","","ALL","1979","268.47"
"EST","","ALL","1980","272.07"
"EST","","ALL","1981","272.1"
"EST","","ALL","1982","273.09"
"EST","","ALL","1983","279.64"
"EST","","ALL","1984","291.84"
"EST","","ALL","1985","296.84"
"EST","","ALL","1986","297.37"
"EST","","ALL","1987","300.79"
"EST","","ALL","1988","310.65"
"EST","","ALL","1989","309.03"
"EST","","ALL","1990","315.39"
"EST","","ALL","1991","327.42"
"EST","","ALL","1992","333.31"
"EST","","ALL","1993","368.78"
"EST","","ALL","1994","364.3"
"EST","","ALL","1995","385"
"EST","","ALL","1996","413.96"
"EST","","ALL","1997","418.92"
"EST","","ALL","1998","429.32"
"EST","","ALL","1999","430.78"
"EST","","ALL","2000","432"
"EST","","ALL","2001","449.82"
"EST","","ALL","2002","443.98"
"EST","","ALL","2003","465.59"
"EST","","ALL","2004","500.09"
"EST","","ALL","2005","481.7"
"EST","","ALL","2006","534.6"
"EST","","ALL","2007","543.98"
"EST","","ALL","2008","550.45"
"EST","","ALL","2009","555.71"
"EST","","ALL","2010","592.43"
"EST","","ALL","2011","623.08"
"EST","","ALL","2012","629.09"
"EST","","ALL","2013","646.89"
"EST","","ALL","2014","659.62"
"EST","","ALL","2015","677.76"
"EST","","ALL","2016","681.38"
"EST","","ALL","2017","675.35"
"EST","","ALL","2018","680.95"
"EST","","ALL","2019","683.37"
"EST","","ALL","2020","638.26"
"EST","","ALL","2021","617.91"
"","EU_AFTER_MAY2004","ALL","1980","213.61"
"","EU_AFTER_MAY2004","ALL","1981","215.13"
"","EU_AFTER_MAY2004","ALL","1982","219.58"
"","EU_AFTER_MAY2004","ALL","1983","228.05"
"","EU_AFTER_MAY2004","ALL","1984","232.93"
"","EU_AFTER_MAY2004","ALL","1985","238.84"
"","EU_AFTER_MAY2004","ALL","1986","241.7"
"","EU_AFTER_MAY2004","ALL","1987","245.78"
"","EU_AFTER_MAY2004","ALL","1988","249.29"
"","EU_AFTER_MAY2004","ALL","1989","245.76"
"","EU_AFTER_MAY2004","ALL","1990","242.34"
"","EU_AFTER_MAY2004","ALL","1991","252.81"
"","EU_AFTER_MAY2004","ALL","1992","268.39"
"","EU_AFTER_MAY2004","ALL","1993","272.91"
"","EU_AFTER_MAY2004","ALL","1994","288.13"
"","EU_AFTER_MAY2004","ALL","1995","290.18"
"","EU_AFTER_MAY2004","ALL","1996","308.15"
"","EU_AFTER_MAY2004","ALL","1997","317.55"
"","EU_AFTER_MAY2004","ALL","1998","333.12"
"","EU_AFTER_MAY2004","ALL","1999","351.42"
"","EU_AFTER_MAY2004","ALL","2000","365.47"
"","EU_AFTER_MAY2004","ALL","2001","393.29"
"","EU_AFTER_MAY2004","ALL","2002","403.71"
"","EU_AFTER_MAY2004","ALL","2003","419.51"
"","EU_AFTER_MAY2004","ALL","2004","425.66"
"","EU_AFTER_MAY2004","ALL","2005","435.64"
"","EU_AFTER_MAY2004","ALL","2006","444.23"
"","EU_AFTER_MAY2004","ALL","2007","453.34"
"","EU_AFTER_MAY2004","ALL","2008","473.73"
"","EU_AFTER_MAY2004","ALL","2009","479.97"
"","EU_AFTER_MAY2004","ALL","2010","479.17"
"","EU_AFTER_MAY2004","ALL","2011","492.12"
"","EU_AFTER_MAY2004","ALL","2012","510.01"
"","EU_AFTER_MAY2004","ALL","2013","517.31"
"","EU_AFTER_MAY2004","ALL","2014","541.06"
"","EU_AFTER_MAY2004","ALL","2015","550.07"
"","EU_AFTER_MAY2004","ALL","2016","555.92"
"","EU_AFTER_MAY2004","ALL","2017","540.09"
"","EU_AFTER_MAY2004","ALL","2018","541.95"
"","EU_AFTER_MAY2004","ALL","2019","547.48"
"","EU_AFTER_MAY2004","ALL","2020","488.76"
"","EU_AFTER_MAY2004","ALL","2021","533.93"
"","EU_BEFORE_FEB2020","ALL","1980","333.2"
"","EU_BEFORE_FEB2020","ALL","1981","335.94"
"","EU_BEFORE_FEB2020","ALL","1982","339.61"
"","EU_BEFORE_FEB2020","ALL","1983","343.72"
"","EU_BEFORE_FEB2020","ALL","1984","346.79"
"","EU_BEFORE_FEB2020","ALL","1985","349.27"
"","EU_BEFORE_FEB2020","ALL","1986","352.96"
"","EU_BEFORE_FEB2020","ALL","1987","357.65"
"","EU_BEFORE_FEB2020","ALL","1988","366.02"
"","EU_BEFORE_FEB2020","ALL","1989","365.45"
"","EU_BEFORE_FEB2020","ALL","1990","367.3"
"","EU_BEFORE_FEB2020","ALL","1991","373.81"
"","EU_BEFORE_FEB2020","ALL","1992","385.28"
"","EU_BEFORE_FEB2020","ALL","1993","390.28"
"","EU_BEFORE_FEB2020","ALL","1994","399.84"
"","EU_BEFORE_FEB2020","ALL","1995","405.34"
"","EU_BEFORE_FEB2020","ALL","1996","415.61"
"","EU_BEFORE_FEB2020","ALL","1997","425.18"
"","EU_BEFORE_FEB2020","ALL","1998","424.67"
"","EU_BEFORE_FEB2020","ALL","1999","440.96"
"","EU_BEFORE_FEB2020","ALL","2000","450.56"
"","EU_BEFORE_FEB2020","ALL","2001","461.79"
"","EU_BEFORE_FEB2020","ALL","2002","472.29"
"","EU_BEFORE_FEB2020","ALL","2003","485.23"
"","EU_BEFORE_FEB2020","ALL","2004","495.04"
"","EU_BEFORE_FEB2020","ALL","2005","502.54"
"","EU_BEFORE_FEB2020","ALL","2006","510.78"
"","EU_BEFORE_FEB2020","ALL","2007","521.2"
"","EU_BEFORE_FEB2020","ALL","2008","534.2"
"","EU_BEFORE_FEB2020","ALL","2009","541.52"
"","EU_BEFORE_FEB2020","ALL","2010","545.06"
"","EU_BEFORE_FEB2020","ALL","2011","555.67"
"","EU_BEFORE_FEB2020","ALL","2012","557.58"
"","EU_BEFORE_FEB2020","ALL","2013","565.53"
"","EU_BEFORE_FEB2020","ALL","2014","577.52"
"","EU_BEFORE_FEB2020","ALL","2015","582.87"
"","EU_BEFORE_FEB2020","ALL","2016","587.59"
"","EU_BEFORE_FEB2020","ALL","2017","580.5"
"","EU_BEFORE_FEB2020","ALL","2018","578.09"
"","EU_BEFORE_FEB2020","ALL","2019","581.74"
"","EU_BEFORE_FEB2020","ALL","2020","551.61"
"","EU_BEFORE_FEB2020","ALL","2021","577.03"
"","EU_BEFORE_MAY2004","ALL","1989","407.98"
"","EU_BEFORE_MAY2004","ALL","1990","411.57"
"","EU_BEFORE_MAY2004","ALL","1991","416.55"
"","EU_BEFORE_MAY2004","ALL","1992","426.16"
"","EU_BEFORE_MAY2004","ALL","1993","431.12"
"","EU_BEFORE_MAY2004","ALL","1994","438.58"
"","EU_BEFORE_MAY2004","ALL","1995","445.13"
"","EU_BEFORE_MAY2004","ALL","1996","452.49"
"","EU_BEFORE_MAY2004","ALL","1997","461.99"
"","EU_BEFORE_MAY2004","ALL","1998","455.84"
"","EU_BEFORE_MAY2004","ALL","1999","471.39"
"","EU_BEFORE_MAY2004","ALL","2000","479.22"
"","EU_BEFORE_MAY2004","ALL","2001","484.71"
"","EU_BEFORE_MAY2004","ALL","2002","494.98"
"","EU_BEFORE_MAY2004","ALL","2003","506.83"
"","EU_BEFORE_MAY2004","ALL","2004","517.68"
"","EU_BEFORE_MAY2004","ALL","2005","524.28"
"","EU_BEFORE_MAY2004","ALL","2006","532.23"
"","EU_BEFORE_MAY2004","ALL","2007","542.97"
"","EU_BEFORE_MAY2004","ALL","2008","553.51"
"","EU_BEFORE_MAY2004","ALL","2009","561.1"
"","EU_BEFORE_MAY2004","ALL","2010","565.89"
"","EU_BEFORE_MAY2004","ALL","2011","575.67"
"","EU_BEFORE_MAY2004","ALL","2012","572.42"
"","EU_BEFORE_MAY2004","ALL","2013","580.7"
"","EU_BEFORE_MAY2004","ALL","2014","588.73"
"","EU_BEFORE_MAY2004","ALL","2015","592.86"
"","EU_BEFORE_MAY2004","ALL","2016","597.18"
"","EU_BEFORE_MAY2004","ALL","2017","593.01"
"","EU_BEFORE_MAY2004","ALL","2018","589.26"
"","EU_BEFORE_MAY2004","ALL","2019","592.31"
"","EU_BEFORE_MAY2004","ALL","2020","570.99"
"","EU_MEMBERS","ALL","1980","324.97"
"","EU_MEMBERS","ALL","1981","326.56"
"","EU_MEMBERS","ALL","1982","330.12"
"","EU_MEMBERS","ALL","1983","334.4"
"","EU_MEMBERS","ALL","1984","337.04"
"","EU_MEMBERS","ALL","1985","340.16"
"","EU_MEMBERS","ALL","1986","342.33"
"","EU_MEMBERS","ALL","1987","345.79"
"","EU_MEMBERS","ALL","1988","348.69"
"","EU_MEMBERS","ALL","1989","349.05"
"","EU_MEMBERS","ALL","1990","349.83"
"","EU_MEMBERS","ALL","1991","356.63"
"","EU_MEMBERS","ALL","1992","366.35"
"","EU_MEMBERS","ALL","1993","372.36"
"","EU_MEMBERS","ALL","1994","381.51"
"","EU_MEMBERS","ALL","1995","387.47"
"","EU_MEMBERS","ALL","1996","398.69"
"","EU_MEMBERS","ALL","1997","408.37"
"","EU_MEMBERS","ALL","1998","420.62"
"","EU_MEMBERS","ALL","1999","438.44"
"","EU_MEMBERS","ALL","2000","448.83"
"","EU_MEMBERS","ALL","2001","461.66"
"","EU_MEMBERS","ALL","2002","474.12"
"","EU_MEMBERS","ALL","2003","488.14"
"","EU_MEMBERS","ALL","2004","497.85"
"","EU_MEMBERS","ALL","2005","505.77"
"","EU_MEMBERS","ALL","2006","514.55"
"","EU_MEMBERS","ALL","2007","525.94"
"","EU_MEMBERS","ALL","2008","538.65"
"","EU_MEMBERS","ALL","2009","544.97"
"","EU_MEMBERS","ALL","2010","548.57"
"","EU_MEMBERS","ALL","2011","559.94"
"","EU_MEMBERS","ALL","2012","561.53"
"","EU_MEMBERS","ALL","2013","567.92"
"","EU_MEMBERS","ALL","2014","581.01"
"","EU_MEMBERS","ALL","2015","587.15"
"","EU_MEMBERS","ALL","2016","592.62"
"","EU_MEMBERS","ALL","2017","592.21"
"","EU_MEMBERS","ALL","2018","590.61"
"","EU_MEMBERS","ALL","2019","597.04"
"","EU_MEMBERS","ALL","2020","572.2"
"FIN","","ALL","1970","248.75"
"FIN","","ALL","1971","260.79"
"FIN","","ALL","1972","262.3"
"FIN","","ALL","1973","262.27"
"FIN","","ALL","1974","264.59"
"FIN","","ALL","1975","270.66"
"FIN","","ALL","1976","283.2"
"FIN","","ALL","1977","289.73"
"FIN","","ALL","1978","295.15"
"FIN","","ALL","1979","303.17"
"FIN","","ALL","1980","312.17"
"FIN","","ALL","1981","313.85"
"FIN","","ALL","1982","321.53"
"FIN","","ALL","1983","325.96"
"FIN","","ALL","1984","328.4"
"FIN","","ALL","1985","334.93"
"FIN","","ALL","1986","346.06"
"FIN","","ALL","1987","353.6"
"FIN","","ALL","1988","353.12"
"FIN","","ALL","1989","350.68"
"FIN","","ALL","1990","357.41"
"FIN","","ALL","1991","369.07"
"FIN","","ALL","1992","381.52"
"FIN","","ALL","1993","384.47"
"FIN","","ALL","1994","400"
"FIN","","ALL","1995","405.22"
"FIN","","ALL","1996","427.4"
"FIN","","ALL","1997","429.14"
"FIN","","ALL","1998","438.15"
"FIN","","ALL","1999","440.13"
"FIN","","ALL","2000","449.59"
"FIN","","ALL","2001","455.94"
"FIN","","ALL","2002","469.39"
"FIN","","ALL","2003","479.76"
"FIN","","ALL","2004","508.48"
"FIN","","ALL","2005","518.5"
"FIN","","ALL","2006","519.57"
"FIN","","ALL","2007","511.41"
"FIN","","ALL","2008","525.18"
"FIN","","ALL","2009","549.09"
"FIN","","ALL","2010","557.41"
"FIN","","ALL","2011","566.82"
"FIN","","ALL","2012","569.45"
"FIN","","ALL","2013","593.49"
"FIN","","ALL","2014","598.39"
"FIN","","ALL","2015","619.52"
"FIN","","ALL","2016","635.66"
"FIN","","ALL","2017","636.49"
"FIN","","ALL","2018","639.64"
"FIN","","ALL","2019","656.82"
"FIN","","ALL","2020","640.34"
"FIN","","ALL","2021","660.51"
"FIN","","ALL","2022","631.95"
"FRA","","ALL","1990","390.53"
"FRA","","ALL","1995","412.44"
"FRA","","ALL","2000","472.45"
"FRA","","ALL","2005","523.61"
"FRA","","ALL","2010","568.07"
"FRA","","ALL","2011","578.1"
"FRA","","ALL","2012","558.89"
"FRA","","ALL","2015","597.87"
"FRA","","ALL","2017","617.92"
"FRA","","ALL","2018","590.71"
"GBR","","ALL","1980","385.93"
"GBR","","ALL","1981","396.22"
"GBR","","ALL","1982","400.77"
"GBR","","ALL","1983","404"
"GBR","","ALL","1984","409.84"
"GBR","","ALL","1985","408.2"
"GBR","","ALL","1986","421.76"
"GBR","","ALL","1987","434.47"
"GBR","","ALL","1988","478.34"
"GBR","","ALL","1989","471.73"
"GBR","","ALL","1990","480.54"
"GBR","","ALL","1991","485"
"GBR","","ALL","1992","507.51"
"GBR","","ALL","1993","506.12"
"GBR","","ALL","1994","518.24"
"GBR","","ALL","1995","520.68"
"GBR","","ALL","1996","524.59"
"GBR","","ALL","1997","533.34"
"GBR","","ALL","1998","450.63"
"GBR","","ALL","1999","457.08"
"GBR","","ALL","2000","461.59"
"GBR","","ALL","2001","462.61"
"GBR","","ALL","2002","460.71"
"GBR","","ALL","2003","466.8"
"GBR","","ALL","2004","477.21"
"GBR","","ALL","2005","482.23"
"GBR","","ALL","2006","487.04"
"GBR","","ALL","2007","491.55"
"GBR","","ALL","2008","506.45"
"GBR","","ALL","2009","520.15"
"GBR","","ALL","2010","523.37"
"GBR","","ALL","2011","529.57"
"GBR","","ALL","2012","533.72"
"GBR","","ALL","2013","551.22"
"GBR","","ALL","2014","556.76"
"GBR","","ALL","2015","557.49"
"GBR","","ALL","2016","557.97"
"GBR","","ALL","2017","511.8"
"GBR","","ALL","2018","505.07"
"GBR","","ALL","2019","492.47"
"GBR","","ALL","2020","432.29"
"GBR","","ALL","2021","489.98"
"GEO","","ALL","1980","105.6"
"GEO","","ALL","1981","122.65"
"GEO","","ALL","1982","111.24"
"GEO","","ALL","1983","119.77"
"GEO","","ALL","1984","128.51"
"GEO","","ALL","1985","130.13"
"GEO","","ALL","1986","133.27"
"GEO","","ALL","1987","131.84"
"GEO","","ALL","1988","136.28"
"GEO","","ALL","1989","130.73"
"GEO","","ALL","1990","128.52"
"GEO","","ALL","1991","118.36"
"GEO","","ALL","1992","83.07"
"GEO","","ALL","1993","70.79"
"GEO","","ALL","1994","72.48"
"GEO","","ALL","1995","65.5"
"GEO","","ALL","1996","73.5"
"GEO","","ALL","1997","95.35"
"GEO","","ALL","1998","102.04"
"GEO","","ALL","1999","98.96"
"GEO","","ALL","2000","97.25"
"GEO","","ALL","2001","113.39"
"GEO","","ALL","2002","122.38"
"GEO","","ALL","2003","121.3"
"GEO","","ALL","2004","132.6"
"GEO","","ALL","2005","138.6"
"GEO","","ALL","2006","140.97"
"GEO","","ALL","2007","115.28"
"GEO","","ALL","2008","129.16"
"GEO","","ALL","2009","128.23"
"GEO","","ALL","2010","125.93"
"GEO","","ALL","2011","94.84"
"GEO","","ALL","2012","94.24"
"GEO","","ALL","2013","110.09"
"GEO","","ALL","2014","129.6"
"GEO","","ALL","2015","298.9"
"GEO","","ALL","2016","287.74"
"GEO","","ALL","2017","275.8"
"GEO","","ALL","2018","287.1"
"GEO","","ALL","2019","305.91"
"GEO","","ALL","2020","270.58"
"GEO","","ALL","2021","281.29"
"GEO","","ALL","2022","291.9"
"HRV","","ALL","1980","284.98"
"HRV","","ALL","1981","287.28"
"HRV","","ALL","1982","287.41"
"HRV","","ALL","1983","282.95"
"HRV","","ALL","1984","296.52"
"HRV","","ALL","1985","304.89"
"HRV","","ALL","1986","305.08"
"HRV","","ALL","1987","297.84"
"HRV","","ALL","1988","299.07"
"HRV","","ALL","1989","310.71"
"HRV","","ALL","1990","325.76"
"HRV","","ALL","1991","295.98"
"HRV","","ALL","1992","300.47"
"HRV","","ALL","1993","315.34"
"HRV","","ALL","1994","311.62"
"HRV","","ALL","1995","337.56"
"HRV","","ALL","1996","354.28"
"HRV","","ALL","1997","364.2"
"HRV","","ALL","1998","366"
"HRV","","ALL","1999","452.13"
"HRV","","ALL","2000","453.31"
"HRV","","ALL","2001","434.26"
"HRV","","ALL","2002","445.47"
"HRV","","ALL","2003","446.67"
"HRV","","ALL","2004","439.29"
"HRV","","ALL","2005","465.61"
"HRV","","ALL","2006","453.31"
"HRV","","ALL","2007","473.99"
"HRV","","ALL","2008","476.54"
"HRV","","ALL","2009","517.42"
"HRV","","ALL","2010","511.25"
"HRV","","ALL","2011","537.07"
"HRV","","ALL","2012","545.86"
"HRV","","ALL","2013","550.82"
"HRV","","ALL","2014","555"
"HRV","","ALL","2015","565.24"
"HRV","","ALL","2016","570.96"
"HRV","","ALL","2017","616.8"
"HRV","","ALL","2018","636.48"
"HRV","","ALL","2019","631.68"
"HRV","","ALL","2020","580.48"
"HRV","","ALL","2021","640.22"
"HUN","","ALL","1980","215.37"
"HUN","","ALL","1985","277.05"
"HUN","","ALL","1990","270.92"
"HUN","","ALL","1991","263.13"
"HUN","","ALL","1992","269.61"
"HUN","","ALL","1993","269.25"
"HUN","","ALL","1994","270.41"
"HUN","","ALL","1995","245.32"
"HUN","","ALL","1996","315.19"
"HUN","","ALL","2001","720.2"
"HUN","","ALL","2002","738.87"
"HUN","","ALL","2003","847.3"
"HUN","","ALL","2004","806.16"
"HUN","","ALL","2005","816.12"
"HUN","","ALL","2006","820.94"
"HUN","","ALL","2007","804.82"
"HUN","","ALL","2008","883.26"
"HUN","","ALL","2009","845.22"
"HUN","","ALL","2010","806.06"
"HUN","","ALL","2011","860.52"
"HUN","","ALL","2012","923.04"
"HUN","","ALL","2013","947.84"
"HUN","","ALL","2014","964.87"
"HUN","","ALL","2015","987.39"
"HUN","","ALL","2016","1018.54"
"HUN","","ALL","2017","1019.45"
"HUN","","ALL","2018","974.91"
"HUN","","ALL","2019","998.39"
"HUN","","ALL","2020","862.35"
"HUN","","ALL","2021","887.86"
"HUN","","ALL","2022","952.33"
"IRL","","ALL","1994","344.43"
"IRL","","ALL","1995","334.88"
"IRL","","ALL","1996","343.21"
"IRL","","ALL","1997","350.79"
"IRL","","ALL","1998","350.46"
"IRL","","ALL","1999","353.83"
"IRL","","ALL","2000","368.28"
"IRL","","ALL","2001","373.05"
"IRL","","ALL","2002","389.77"
"IRL","","ALL","2003","387.15"
"IRL","","ALL","2004","402.17"
"IRL","","ALL","2005","392.26"
"IRL","","ALL","2006","394"
"IRL","","ALL","2007","410.23"
"IRL","","ALL","2008","420.21"
"IRL","","ALL","2009","433.74"
"IRL","","ALL","2010","446.75"
"IRL","","ALL","2011","453.32"
"IRL","","ALL","2012","453.29"
"IRL","","ALL","2013","460.14"
"IRL","","ALL","2014","462.19"
"IRL","","ALL","2015","474.82"
"IRL","","ALL","2016","481.8"
"IRL","","ALL","2017","487.89"
"IRL","","ALL","2018","497.95"
"IRL","","ALL","2019","505.35"
"IRL","","ALL","2020","466.85"
"IRL","","ALL","2021","505.46"
"ISL","","ALL","1981","293.32"
"ISL","","ALL","1982","308.55"
"ISL","","ALL","1983","305.01"
"ISL","","ALL","1984","323.18"
"ISL","","ALL","1985","304.88"
"ISL","","ALL","1986","323.18"
"ISL","","ALL","1987","330.13"
"ISL","","ALL","1988","351.36"
"ISL","","ALL","1989","350.55"
"ISL","","ALL","1990","360.3"
"ISL","","ALL","1991","348.11"
"ISL","","ALL","1992","340.87"
"ISL","","ALL","1993","350.64"
"ISL","","ALL","1994","339.47"
"ISL","","ALL","1995","378.23"
"ISL","","ALL","1996","408.7"
"ISL","","ALL","1997","382.04"
"ISL","","ALL","1998","411.26"
"ISL","","ALL","1999","395.77"
"ISL","","ALL","2000","407.61"
"ISL","","ALL","2001","414.31"
"ISL","","ALL","2002","416.96"
"ISL","","ALL","2003","417.25"
"ISL","","ALL","2004","431.67"
"ISL","","ALL","2005","439.73"
"ISL","","ALL","2006","450.16"
"ISL","","ALL","2007","444.13"
"ISL","","ALL","2008","453.73"
"ISL","","ALL","2009","464.85"
"ISL","","ALL","2010","472"
"ISL","","ALL","2011","475.84"
"ISL","","ALL","2012","479.24"
"ISL","","ALL","2013","482.45"
"ISL","","ALL","2014","475.68"
"ISL","","ALL","2015","479.73"
"ISL","","ALL","2016","494.01"
"ISL","","ALL","2017","490.39"
"ISL","","ALL","2018","483.1"
"ISL","","ALL","2019","485.08"
"ISL","","ALL","2020","487.91"
"ISL","","ALL","2021","492.59"
"ISL","","ALL","2022","490.05"
"ISR","","ALL","1980","228.56"
"ISR","","ALL","1981","226.4"
"ISR","","ALL","1982","223.01"
"ISR","","ALL","1983","214.56"
"ISR","","ALL","1984","235.27"
"ISR","","ALL","1985","228.24"
"ISR","","ALL","1986","228.88"
"ISR","","ALL","1987","230.77"
"ISR","","ALL","1988","232.53"
"ISR","","ALL","1989","255.65"
"ISR","","ALL","1990","277.93"
"ISR","","ALL","1991","280.38"
"ISR","","ALL","1992","289.65"
"ISR","","ALL","1993","299.29"
"ISR","","ALL","1994","310.87"
"ISR","","ALL","1995","311.33"
"ISR","","ALL","1996","305.27"
"ISR","","ALL","1997","319.84"
"ISR","","ALL","1998","332.74"
"ISR","","ALL","1999","341.29"
"ISR","","ALL","2000","344.72"
"ISR","","ALL","2001","363.33"
"ISR","","ALL","2002","352.44"
"ISR","","ALL","2003","357.94"
"ISR","","ALL","2004","353.87"
"ISR","","ALL","2005","360.47"
"ISR","","ALL","2006","371.41"
"ISR","","ALL","2007","380.05"
"ISR","","ALL","2008","377.87"
"ISR","","ALL","2009","370.31"
"ISR","","ALL","2010","374.13"
"ISR","","ALL","2011","363.98"
"ISR","","ALL","2012","371.54"
"ISR","","ALL","2013","373.45"
"ISR","","ALL","2014","383.98"
"ISR","","ALL","2015","377.75"
"ISR","","ALL","2016","377.99"
"ISR","","ALL","2017","353.1"
"ISR","","ALL","2018","366.83"
"ISR","","ALL","2019","358.03"
"ISR","","ALL","2020","346.14"
"ITA","","ALL","1970","235.49"
"ITA","","ALL","1971","242.84"
"ITA","","ALL","1972","250.67"
"ITA","","ALL","1973","258.44"
"ITA","","ALL","1974","263.15"
"ITA","","ALL","1975","269.7"
"ITA","","ALL","1976","276.1"
"ITA","","ALL","1977","282.73"
"ITA","","ALL","1978","289.64"
"ITA","","ALL","1979","296.93"
"ITA","","ALL","1980","304.5"
"ITA","","ALL","1981","311.88"
"ITA","","ALL","1982","323.42"
"ITA","","ALL","1983","331.27"
"ITA","","ALL","1984","338.48"
"ITA","","ALL","1985","346.78"
"ITA","","ALL","1986","355.04"
"ITA","","ALL","1987","363.61"
"ITA","","ALL","1988","372.82"
"ITA","","ALL","1989","382.19"
"ITA","","ALL","1990","391.81"
"ITA","","ALL","1991","405.34"
"ITA","","ALL","1992","419.74"
"ITA","","ALL","1993","429.84"
"ITA","","ALL","1994","440.02"
"ITA","","ALL","1995","450.4"
"ITA","","ALL","1996","460.98"
"ITA","","ALL","1997","471.41"
"ITA","","ALL","1998","481.43"
"ITA","","ALL","1999","490.96"
"ITA","","ALL","2000","500.6"
"ITA","","ALL","2001","509.98"
"ITA","","ALL","2002","518.4"
"ITA","","ALL","2003","521.96"
"ITA","","ALL","2004","525.16"
"ITA","","ALL","2005","535.53"
"ITA","","ALL","2006","534.38"
"ITA","","ALL","2007","538.31"
"ITA","","ALL","2008","541.56"
"ITA","","ALL","2009","545.11"
"ITA","","ALL","2010","549.19"
"ITA","","ALL","2011","569.93"
"ITA","","ALL","2012","578.67"
"ITA","","ALL","2013","578.18"
"ITA","","ALL","2014","588.36"
"ITA","","ALL","2015","585.03"
"ITA","","ALL","2016","592.24"
"ITA","","ALL","2017","599.17"
"KAZ","","ALL","1980","163.64"
"KAZ","","ALL","1981","166.63"
"KAZ","","ALL","1982","167.95"
"KAZ","","ALL","1983","165.01"
"KAZ","","ALL","1984","164.92"
"KAZ","","ALL","1985","168.4"
"KAZ","","ALL","1986","177.48"
"KAZ","","ALL","1987","179.18"
"KAZ","","ALL","1988","183.27"
"KAZ","","ALL","1989","182.44"
"KAZ","","ALL","1990","188.55"
"KAZ","","ALL","1991","189.97"
"KAZ","","ALL","1992","186.35"
"KAZ","","ALL","1993","181.19"
"KAZ","","ALL","1994","174.89"
"KAZ","","ALL","1995","172.99"
"KAZ","","ALL","1996","179.9"
"KAZ","","ALL","1997","179.81"
"KAZ","","ALL","1998","191.33"
"KAZ","","ALL","1999","181.2"
"KAZ","","ALL","2000","191.75"
"KAZ","","ALL","2001","195.52"
"KAZ","","ALL","2002","197.34"
"KAZ","","ALL","2003","193.4"
"KAZ","","ALL","2004","194.15"
"KAZ","","ALL","2005","192.47"
"KAZ","","ALL","2006","186.65"
"KAZ","","ALL","2007","184.69"
"KAZ","","ALL","2008","180.75"
"KAZ","","ALL","2009","182.55"
"KAZ","","ALL","2010","181.18"
"KAZ","","ALL","2011","183.09"
"KAZ","","ALL","2012","190.6"
"KAZ","","ALL","2013","193.89"
"KAZ","","ALL","2014","197.75"
"KAZ","","ALL","2015","207.69"
"KAZ","","ALL","2016","206.17"
"KAZ","","ALL","2017","197.89"
"KAZ","","ALL","2018","195.65"
"KAZ","","ALL","2019","195.92"
"KAZ","","ALL","2020","175.49"
"KAZ","","ALL","2021","191.36"
"KAZ","","ALL","2022","204.35"
"KGZ","","ALL","1985","111.22"
"KGZ","","ALL","1986","116.17"
"KGZ","","ALL","1987","127.35"
"KGZ","","ALL","1988","124.9"
"KGZ","","ALL","1989","122.14"
"KGZ","","ALL","1990","123.11"
"KGZ","","ALL","1991","117.83"
"KGZ","","ALL","1992","110.52"
"KGZ","","ALL","1993","102.52"
"KGZ","","ALL","1994","92.42"
"KGZ","","ALL","1995","94.5"
"KGZ","","ALL","1996","92.69"
"KGZ","","ALL","1997","94.28"
"KGZ","","ALL","1998","102.46"
"KGZ","","ALL","1999","95.7"
"KGZ","","ALL","2000","91.27"
"KGZ","","ALL","2001","94.4"
"KGZ","","ALL","2002","87.04"
"KGZ","","ALL","2003","88.83"
"KGZ","","ALL","2004","84.99"
"KGZ","","ALL","2005","89.06"
"KGZ","","ALL","2006","87.2"
"KGZ","","ALL","2007","85.1"
"KGZ","","ALL","2008","81.58"
"KGZ","","ALL","2009","88.27"
"KGZ","","ALL","2010","83.08"
"KGZ","","ALL","2011","90.38"
"KGZ","","ALL","2012","89.13"
"KGZ","","ALL","2013","89.62"
"KGZ","","ALL","2014","95.01"
"KGZ","","ALL","2015","91.75"
"KGZ","","ALL","2016","90.42"
"KGZ","","ALL","2017","89.15"
"KGZ","","ALL","2018","90.35"
"KGZ","","ALL","2019","86.87"
"KGZ","","ALL","2020","83.28"
"KGZ","","ALL","2021","81.38"
"KGZ","","ALL","2022","88.53"
"KGZ","","ALL","2023","86"
"LTU","","ALL","1975","224.82"
"LTU","","ALL","1979","225.27"
"LTU","","ALL","1980","251.85"
"LTU","","ALL","1981","246.52"
"LTU","","ALL","1982","254.11"
"LTU","","ALL","1983","267.03"
"LTU","","ALL","1984","271.6"
"LTU","","ALL","1985","276.79"
"LTU","","ALL","1986","263.96"
"LTU","","ALL","1987","265.57"
"LTU","","ALL","1988","269.05"
"LTU","","ALL","1989","260.11"
"LTU","","ALL","1990","270.08"
"LTU","","ALL","1991","277.42"
"LTU","","ALL","1992","286.96"
"LTU","","ALL","1993","302.29"
"LTU","","ALL","1994","313.11"
"LTU","","ALL","1995","323.03"
"LTU","","ALL","1996","341.15"
"LTU","","ALL","1997","359.4"
"LTU","","ALL","1998","378.49"
"LTU","","ALL","1999","394.07"
"LTU","","ALL","2000","401.17"
"LTU","","ALL","2001","405.09"
"LTU","","ALL","2002","420.64"
"LTU","","ALL","2003","442.23"
"LTU","","ALL","2004","472.15"
"LTU","","ALL","2005","485.29"
"LTU","","ALL","2006","528.21"
"LTU","","ALL","2007","556.71"
"LTU","","ALL","2008","570"
"LTU","","ALL","2009","562.84"
"LTU","","ALL","2010","575.02"
"LTU","","ALL","2011","589.87"
"LTU","","ALL","2012","593.55"
"LTU","","ALL","2013","603"
"LTU","","ALL","2014","611.84"
"LTU","","ALL","2015","615.55"
"LTU","","ALL","2016","625.22"
"LTU","","ALL","2017","610.7"
"LUX","","ALL","1981","279.48"
"LUX","","ALL","1982","315.83"
"LUX","","ALL","1983","303.69"
"LUX","","ALL","1984","315.47"
"LUX","","ALL","1985","325.32"
"LUX","","ALL","1986","337.69"
"LUX","","ALL","1987","343.23"
"LUX","","ALL","1988","325.66"
"LUX","","ALL","1989","333.77"
"LUX","","ALL","1990","369.04"
"LUX","","ALL","1991","355.72"
"LUX","","ALL","1992","376.31"
"LUX","","ALL","1993","365.49"
"LUX","","ALL","1994","381.13"
"LUX","","ALL","1995","406.15"
"LUX","","ALL","1996","398.22"
"LUX","","ALL","1997","416.15"
"LUX","","ALL","1998","432.86"
"LUX","","ALL","1999","423.62"
"LUX","","ALL","2000","412.02"
"LUX","","ALL","2001","426.89"
"LUX","","ALL","2002","430.32"
"LUX","","ALL","2003","455.89"
"LUX","","ALL","2004","445.53"
"LUX","","ALL","2005","434.04"
"LUX","","ALL","2006","444.3"
"LUX","","ALL","2007","437.08"
"LUX","","ALL","2008","437.11"
"LUX","","ALL","2009","388.11"
"LUX","","ALL","2010","406.54"
"LUX","","ALL","2011","421.34"
"LUX","","ALL","2012","407.94"
"LUX","","ALL","2013","389.06"
"LUX","","ALL","2014","401.03"
"LUX","","ALL","2015","407.5"
"LUX","","ALL","2016","416.14"
"LUX","","ALL","2017","407.29"
"LVA","","ALL","1980","253.21"
"LVA","","ALL","1981","250.37"
"LVA","","ALL","1982","248"
"LVA","","ALL","1983","256.36"
"LVA","","ALL","1984","275.37"
"LVA","","ALL","1985","276.05"
"LVA","","ALL","1986","273.9"
"LVA","","ALL","1987","297.76"
"LVA","","ALL","1988","287.93"
"LVA","","ALL","1989","268.25"
"LVA","","ALL","1990","283.65"
"LVA","","ALL","1991","285.79"
"LVA","","ALL","1992","298.89"
"LVA","","ALL","1993","291.58"
"LVA","","ALL","1994","312.69"
"LVA","","ALL","1995","326.23"
"LVA","","ALL","1996","337.54"
"LVA","","ALL","1997","347.41"
"LVA","","ALL","1998","377.26"
"LVA","","ALL","1999","374.78"
"LVA","","ALL","2000","373.3"
"LVA","","ALL","2001","380.08"
"LVA","","ALL","2002","401.05"
"LVA","","ALL","2003","407.44"
"LVA","","ALL","2004","448.05"
"LVA","","ALL","2005","454.35"
"LVA","","ALL","2006","477.61"
"LVA","","ALL","2007","483.79"
"LVA","","ALL","2008","457.08"
"LVA","","ALL","2009","483.69"
"LVA","","ALL","2010","533.38"
"LVA","","ALL","2011","569.01"
"LVA","","ALL","2012","572.38"
"LVA","","ALL","2013","583.31"
"LVA","","ALL","2014","582.8"
"LVA","","ALL","2015","578.79"
"LVA","","ALL","2016","582.54"
"LVA","","ALL","2017","605.59"
"MDA","","ALL","1980","147.98"
"MDA","","ALL","1981","149.82"
"MDA","","ALL","1982","158.54"
"MDA","","ALL","1983","159.56"
"MDA","","ALL","1984","161.75"
"MDA","","ALL","1985","173.81"
"MDA","","ALL","1986","179.74"
"MDA","","ALL","1987","177.94"
"MDA","","ALL","1988","176.03"
"MDA","","ALL","1989","177.1"
"MDA","","ALL","1990","183"
"MDA","","ALL","1991","184.25"
"MDA","","ALL","1992","171.56"
"MDA","","ALL","1993","177.53"
"MDA","","ALL","1994","176.08"
"MDA","","ALL","1995","168.57"
"MDA","","ALL","1996","162.18"
"MDA","","ALL","1997","197.69"
"MDA","","ALL","1998","189.75"
"MDA","","ALL","1999","174.12"
"MDA","","ALL","2000","186.45"
"MDA","","ALL","2001","163.9"
"MDA","","ALL","2002","167.81"
"MDA","","ALL","2003","176.56"
"MDA","","ALL","2004","190.1"
"MDA","","ALL","2005","193.37"
"MDA","","ALL","2006","205.32"
"MDA","","ALL","2007","209.71"
"MDA","","ALL","2008","213.21"
"MDA","","ALL","2009","225.57"
"MDA","","ALL","2010","220.44"
"MDA","","ALL","2011","226.97"
"MDA","","ALL","2012","230.48"
"MDA","","ALL","2013","237.2"
"MDA","","ALL","2014","249.13"
"MDA","","ALL","2015","232.99"
"MDA","","ALL","2016","279.48"
"MDA","","ALL","2017","284.8"
"MDA","","ALL","2018","282.67"
"MDA","","ALL","2019","285.24"
"MDA","","ALL","2020","234.66"
"MDA","","ALL","2021","328.66"
"MKD","","ALL","1980","174.59"
"MKD","","ALL","1982","178.84"
"MKD","","ALL","1984","154.24"
"MKD","","ALL","1985","170.19"
"MKD","","ALL","1987","155.14"
"MKD","","ALL","1988","104.04"
"MKD","","ALL","1989","93.86"
"MKD","","ALL","1990","153.5"
"MKD","","ALL","1991","142.46"
"MKD","","ALL","1994","194.3"
"MKD","","ALL","1995","276.39"
"MKD","","ALL","1996","255.81"
"MKD","","ALL","1997","282.59"
"MKD","","ALL","1998","306"
"MKD","","ALL","1999","264.09"
"MKD","","ALL","2000","263.38"
"MKD","","ALL","2001","274.46"
"MKD","","ALL","2002","270.42"
"MKD","","ALL","2003","296.14"
"MKD","","ALL","2004","280.24"
"MKD","","ALL","2005","284.36"
"MKD","","ALL","2006","299.62"
"MKD","","ALL","2007","285.82"
"MLT","","ALL","1992","308.88"
"MLT","","ALL","1993","321.91"
"MLT","","ALL","1994","345.75"
"MLT","","ALL","1995","365.7"
"MLT","","ALL","1996","349.33"
"MLT","","ALL","1997","396.86"
"MLT","","ALL","1998","401.06"
"MLT","","ALL","1999","417.02"
"MLT","","ALL","2000","408.23"
"MLT","","ALL","2001","416"
"MLT","","ALL","2002","414.68"
"MLT","","ALL","2003","411.71"
"MLT","","ALL","2004","428.14"
"MLT","","ALL","2005","469.45"
"MLT","","ALL","2006","485.25"
"MLT","","ALL","2007","527.56"
"MLT","","ALL","2008","413.75"
"MLT","","ALL","2009","432.94"
"MLT","","ALL","2010","453.97"
"MLT","","ALL","2011","479.2"
"MLT","","ALL","2012","431.94"
"MLT","","ALL","2013","443.99"
"MLT","","ALL","2014","490.76"
"MLT","","ALL","2015","473.88"
"MLT","","ALL","2016","475.91"
"MLT","","ALL","2017","481.35"
"MLT","","ALL","2018","648"
"MLT","","ALL","2019","502.29"
"MLT","","ALL","2020","474.89"
"MNE","","ALL","2002","618.6"
"MNE","","ALL","2013","394.55"
"NLD","","ALL","1989","384.5"
"NLD","","ALL","1990","391.68"
"NLD","","ALL","1991","398.06"
"NLD","","ALL","1992","414.81"
"NLD","","ALL","1993","415.1"
"NLD","","ALL","1994","429.77"
"NLD","","ALL","1995","429.08"
"NLD","","ALL","1996","438.2"
"NLD","","ALL","1997","437.84"
"NLD","","ALL","1998","441.61"
"NLD","","ALL","1999","450.61"
"NLD","","ALL","2000","452.9"
"NLD","","ALL","2001","464.73"
"NLD","","ALL","2002","473.77"
"NLD","","ALL","2003","490.55"
"NLD","","ALL","2004","515.69"
"NLD","","ALL","2005","522.59"
"NLD","","ALL","2006","539.28"
"NLD","","ALL","2007","559.15"
"NLD","","ALL","2008","580.08"
"NLD","","ALL","2009","592.2"
"NLD","","ALL","2010","611.46"
"NLD","","ALL","2011","638.1"
"NLD","","ALL","2012","637.66"
"NLD","","ALL","2013","639.43"
"NLD","","ALL","2014","649.98"
"NLD","","ALL","2015","663.93"
"NLD","","ALL","2016","691.12"
"NLD","","ALL","2017","694.03"
"NLD","","ALL","2018","709"
"NLD","","ALL","2019","716.38"
"NLD","","ALL","2020","673.28"
"NLD","","ALL","2021","728.41"
"NLD","","ALL","2022","717.32"
"NLD","","ALL","2023","721.63"
"NOR","","ALL","1980","370.94"
"NOR","","ALL","1981","372.48"
"NOR","","ALL","1982","387.63"
"NOR","","ALL","1983","397.08"
"NOR","","ALL","1984","399.56"
"NOR","","ALL","1985","406.72"
"NOR","","ALL","1986","414.37"
"NOR","","ALL","1987","403.19"
"NOR","","ALL","1988","411.33"
"NOR","","ALL","1989","427.74"
"NOR","","ALL","1990","432.83"
"NOR","","ALL","1991","435.59"
"NOR","","ALL","1992","448.84"
"NOR","","ALL","1993","450.32"
"NOR","","ALL","1994","452.94"
"NOR","","ALL","1995","459.37"
"NOR","","ALL","1996","467.81"
"NOR","","ALL","1997","481.37"
"NOR","","ALL","1998","478.04"
"NOR","","ALL","1999","475.13"
"NOR","","ALL","2000","501.17"
"NOR","","ALL","2001","497.77"
"NOR","","ALL","2002","500.07"
"NOR","","ALL","2003","510.57"
"NOR","","ALL","2004","532.11"
"NOR","","ALL","2005","524.04"
"NOR","","ALL","2006","525.42"
"NOR","","ALL","2007","550.91"
"NOR","","ALL","2008","547.82"
"NOR","","ALL","2009","569.92"
"NOR","","ALL","2010","578.23"
"NOR","","ALL","2011","603.81"
"NOR","","ALL","2012","599.75"
"NOR","","ALL","2013","598.43"
"NOR","","ALL","2014","614.82"
"NOR","","ALL","2015","625.45"
"NOR","","ALL","2016","622.67"
"NOR","","ALL","2017","636.05"
"NOR","","ALL","2018","643.65"
"NOR","","ALL","2019","654.07"
"NOR","","ALL","2020","660.19"
"NOR","","ALL","2021","684.09"
"NOR","","ALL","2022","701.19"
"","NORDIC","ALL","1978","375.57"
"","NORDIC","ALL","1979","380.42"
"","NORDIC","ALL","1980","387.08"
"","NORDIC","ALL","1981","388.45"
"","NORDIC","ALL","1982","398.69"
"","NORDIC","ALL","1983","410.92"
"","NORDIC","ALL","1984","412.64"
"","NORDIC","ALL","1985","418.11"
"","NORDIC","ALL","1986","423.04"
"","NORDIC","ALL","1987","433.15"
"","NORDIC","ALL","1988","434.74"
"","NORDIC","ALL","1989","435.92"
"","NORDIC","ALL","1990","438.73"
"","NORDIC","ALL","1991","443.96"
"","NORDIC","ALL","1992","452.56"
"","NORDIC","ALL","1993","454.49"
"","NORDIC","ALL","1994","461.79"
"","NORDIC","ALL","1995","459.53"
"","NORDIC","ALL","1996","469.58"
"","NORDIC","ALL","1997","474.38"
"","NORDIC","ALL","1998","483.13"
"","NORDIC","ALL","1999","489.99"
"","NORDIC","ALL","2000","499.36"
"","NORDIC","ALL","2001","504.58"
"","NORDIC","ALL","2002","512.84"
"","NORDIC","ALL","2003","526.12"
"","NORDIC","ALL","2004","550.81"
"","NORDIC","ALL","2005","555.81"
"","NORDIC","ALL","2006","563.26"
"","NORDIC","ALL","2007","566.39"
"","NORDIC","ALL","2008","583.29"
"","NORDIC","ALL","2009","610.14"
"","NORDIC","ALL","2010","610.2"
"","NORDIC","ALL","2011","628.21"
"","NORDIC","ALL","2012","626.49"
"","NORDIC","ALL","2013","643.36"
"","NORDIC","ALL","2014","665.72"
"","NORDIC","ALL","2015","672.06"
"","NORDIC","ALL","2016","676.79"
"","NORDIC","ALL","2017","681.36"
"","NORDIC","ALL","2018","691.62"
"","NORDIC","ALL","2019","708.62"
"","NORDIC","ALL","2020","689.84"
"","NORDIC","ALL","2021","721.89"
"","NORDIC","ALL","2022","718.08"
"POL","","ALL","1980","182.58"
"POL","","ALL","1981","177.43"
"POL","","ALL","1982","183.34"
"POL","","ALL","1983","190.69"
"POL","","ALL","1984","197.03"
"POL","","ALL","1985","206.81"
"POL","","ALL","1986","212.1"
"POL","","ALL","1987","213.49"
"POL","","ALL","1988","217.88"
"POL","","ALL","1989","219.25"
"POL","","ALL","1990","218.97"
"POL","","ALL","1991","242"
"POL","","ALL","1992","247.26"
"POL","","ALL","1993","269.01"
"POL","","ALL","1994","268.12"
"POL","","ALL","1995","272.59"
"POL","","ALL","1996","279.7"
"POL","","ALL","1999","289.18"
"POL","","ALL","2000","311.17"
"POL","","ALL","2001","319.61"
"POL","","ALL","2002","328.47"
"POL","","ALL","2003","334.84"
"POL","","ALL","2004","339.62"
"POL","","ALL","2005","358.6"
"POL","","ALL","2006","359.25"
"POL","","ALL","2007","369.2"
"POL","","ALL","2008","375.87"
"POL","","ALL","2009","387.29"
"POL","","ALL","2010","382.76"
"POL","","ALL","2011","394.12"
"POL","","ALL","2012","416.08"
"POL","","ALL","2013","422.1"
"POL","","ALL","2014","426.77"
"POL","","ALL","2015","440.74"
"POL","","ALL","2016","442.56"
"POL","","ALL","2017","443.12"
"POL","","ALL","2018","451.77"
"POL","","ALL","2019","460.83"
"POL","","ALL","2020","389.55"
"POL","","ALL","2021","449.55"
"PRT","","ALL","1991","251.95"
"PRT","","ALL","1992","255.71"
"PRT","","ALL","1993","277.71"
"PRT","","ALL","2000","357.97"
"PRT","","ALL","2001","318.95"
"PRT","","ALL","2005","366.73"
"PRT","","ALL","2006","374.03"
"PRT","","ALL","2007","401.92"
"PRT","","ALL","2008","412.04"
"PRT","","ALL","2009","422.07"
"PRT","","ALL","2010","441.91"
"PRT","","ALL","2018","487.67"
"PRT","","ALL","2019","562.81"
"PRT","","ALL","2020","512.56"
"ROU","","ALL","1982","135.08"
"ROU","","ALL","1983","152.78"
"ROU","","ALL","1984","149.52"
"ROU","","ALL","1985","154.34"
"ROU","","ALL","1986","149.18"
"ROU","","ALL","1987","151.16"
"ROU","","ALL","1988","156.85"
"ROU","","ALL","1989","133.71"
"ROU","","ALL","1990","119.44"
"ROU","","ALL","1991","122.04"
"ROU","","ALL","1992","157.61"
"ROU","","ALL","1993","122.89"
"ROU","","ALL","1994","178.07"
"ROU","","ALL","1995","175.03"
"ROU","","ALL","1996","188.22"
"ROU","","ALL","1997","181.31"
"ROU","","ALL","1998","190.67"
"ROU","","ALL","1999","209.8"
"ROU","","ALL","2000","197.29"
"ROU","","ALL","2001","258.22"
"ROU","","ALL","2002","243.89"
"ROU","","ALL","2003","240.04"
"ROU","","ALL","2004","249.38"
"ROU","","ALL","2005","240.66"
"ROU","","ALL","2006","258.94"
"ROU","","ALL","2007","243.83"
"ROU","","ALL","2008","281.6"
"ROU","","ALL","2009","282.69"
"ROU","","ALL","2010","275.46"
"ROU","","ALL","2011","267.47"
"ROU","","ALL","2012","275.06"
"ROU","","ALL","2013","272.76"
"ROU","","ALL","2014","334.8"
"ROU","","ALL","2015","316.24"
"ROU","","ALL","2016","313.38"
"ROU","","ALL","2017","268.74"
"ROU","","ALL","2018","278.18"
"ROU","","ALL","2019","269.05"
"ROU","","ALL","2020","236.29"
"ROU","","ALL","2021","283.04"
"ROU","","ALL","2022","359.56"
"RUS","","ALL","1985","248.06"
"RUS","","ALL","1986","255.9"
"RUS","","ALL","1987","260.53"
"RUS","","ALL","1988","264.62"
"RUS","","ALL","1989","263.32"
"RUS","","ALL","1990","264.52"
"RUS","","ALL","1991","266"
"RUS","","ALL","1992","271.84"
"RUS","","ALL","1993","278.72"
"RUS","","ALL","1994","280.67"
"RUS","","ALL","1995","280.79"
"RUS","","ALL","1996","288.01"
"RUS","","ALL","1997","294.68"
"RUS","","ALL","1998","302.39"
"RUS","","ALL","1999","304.09"
"RUS","","ALL","2000","309.91"
"RUS","","ALL","2001","313.9"
"RUS","","ALL","2002","317.18"
"RUS","","ALL","2003","317.44"
"RUS","","ALL","2004","325.42"
"RUS","","ALL","2005","327.85"
"RUS","","ALL","2006","333.67"
"RUS","","ALL","2007","341.55"
"RUS","","ALL","2008","345.69"
"RUS","","ALL","2009","355.84"
"RUS","","ALL","2010","361.83"
"RUS","","ALL","2011","364.72"
"RUS","","ALL","2012","367.35"
"RUS","","ALL","2013","375.18"
"RUS","","ALL","2014","395.3"
"RUS","","ALL","2015","410.84"
"RUS","","ALL","2016","417.84"
"RUS","","ALL","2017","420.3"
"RUS","","ALL","2018","425.46"
"RUS","","ALL","2019","436.34"
"RUS","","ALL","2020","379.65"
"RUS","","ALL","2022","431.77"
"RUS","","ALL","2023","466.15"
"","SEEHN","ALL","1982","179.49"
"","SEEHN","ALL","1984","186.03"
"","SEEHN","ALL","1985","187.06"
"","SEEHN","ALL","1986","187.91"
"","SEEHN","ALL","1987","188.15"
"","SEEHN","ALL","1988","189.61"
"","SEEHN","ALL","1989","182.6"
"","SEEHN","ALL","1990","180.39"
"","SEEHN","ALL","1991","181.78"
"","SEEHN","ALL","1992","200.01"
"","SEEHN","ALL","1993","190.37"
"","SEEHN","ALL","1994","217.34"
"","SEEHN","ALL","1995","218.82"
"","SEEHN","ALL","1996","227.46"
"","SEEHN","ALL","1997","226.75"
"","SEEHN","ALL","1998","237.8"
"","SEEHN","ALL","1999","244.95"
"","SEEHN","ALL","2000","243.03"
"","SEEHN","ALL","2001","275.58"
"","SEEHN","ALL","2002","273.24"
"","SEEHN","ALL","2003","274.71"
"","SEEHN","ALL","2004","281"
"","SEEHN","ALL","2005","278.85"
"","SEEHN","ALL","2006","291.54"
"","SEEHN","ALL","2007","306.23"
"","SEEHN","ALL","2008","322.5"
"","SEEHN","ALL","2009","327.75"
"","SEEHN","ALL","2010","325.31"
"","SEEHN","ALL","2011","324.95"
"","SEEHN","ALL","2012","326.22"
"","SEEHN","ALL","2013","327.69"
"","SEEHN","ALL","2014","352.77"
"","SEEHN","ALL","2015","352.9"
"","SEEHN","ALL","2016","349.92"
"","SEEHN","ALL","2017","335.48"
"","SEEHN","ALL","2018","337.09"
"","SEEHN","ALL","2019","336.78"
"","SEEHN","ALL","2020","310.9"
"","SMALL","ALL","1998","424.06"
"","SMALL","ALL","1999","422.71"
"","SMALL","ALL","2000","422.92"
"","SMALL","ALL","2001","432.07"
"","SMALL","ALL","2002","437.38"
"","SMALL","ALL","2003","438.69"
"","SMALL","ALL","2004","443.25"
"","SMALL","ALL","2005","443.51"
"","SMALL","ALL","2006","444.68"
"","SMALL","ALL","2007","452.69"
"","SMALL","ALL","2008","435.6"
"","SMALL","ALL","2009","421.67"
"","SMALL","ALL","2010","427.21"
"","SMALL","ALL","2011","435.58"
"","SMALL","ALL","2012","419.17"
"","SMALL","ALL","2013","416.73"
"","SMALL","ALL","2014","433.02"
"","SMALL","ALL","2015","436.01"
"","SMALL","ALL","2016","451.07"
"","SMALL","ALL","2017","444.38"
"","SMALL","ALL","2018","470.28"
"SMR","","ALL","2011","783.62"
"SMR","","ALL","2012","938.85"
"SMR","","ALL","2013","922.75"
"SMR","","ALL","2014","1050.83"
"SMR","","ALL","2015","737.11"
"SMR","","ALL","2016","1139.31"
"SMR","","ALL","2017","1071.32"
"SMR","","ALL","2018","1073.85"
"SRB","","ALL","2000","294.33"
"SRB","","ALL","2001","311.31"
"SRB","","ALL","2002","318.64"
"SRB","","ALL","2003","320.08"
"SRB","","ALL","2004","331.7"
"SRB","","ALL","2005","327.51"
"SRB","","ALL","2006","331.82"
"SRB","","ALL","2007","456.93"
"SRB","","ALL","2008","452.07"
"SRB","","ALL","2009","477.73"
"SRB","","ALL","2010","515.03"
"SRB","","ALL","2011","520.65"
"SRB","","ALL","2012","505.56"
"SRB","","ALL","2013","492.59"
"SRB","","ALL","2014","495.23"
"SRB","","ALL","2015","522.02"
"SRB","","ALL","2016","564.25"
"SRB","","ALL","2017","587.08"
"SRB","","ALL","2018","596.64"
"SRB","","ALL","2019","605.65"
"SRB","","ALL","2020","596.37"
"SVK","","ALL","1980","283.65"
"SVK","","ALL","1981","295.02"
"SVK","","ALL","1982","302.19"
"SVK","","ALL","1983","309"
"SVK","","ALL","1984","311.95"
"SVK","","ALL","1985","319.79"
"SVK","","ALL","1986","326.05"
"SVK","","ALL","1987","335.5"
"SVK","","ALL","1988","343.32"
"SVK","","ALL","1989","343.79"
"SVK","","ALL","1990","336.67"
"SVK","","ALL","1991","349.4"
"SVK","","ALL","1992","370.03"
"SVK","","ALL","1993","370.47"
"SVK","","ALL","1994","370.35"
"SVK","","ALL","1995","377.6"
"SVK","","ALL","1996","385.26"
"SVK","","ALL","1997","390.16"
"SVK","","ALL","1998","402.46"
"SVK","","ALL","1999","397.44"
"SVK","","ALL","2000","408.49"
"SVK","","ALL","2001","409.63"
"SVK","","ALL","2002","433.74"
"SVK","","ALL","2003","447.54"
"SVK","","ALL","2004","470.56"
"SVK","","ALL","2005","474.56"
"SVK","","ALL","2006","487.87"
"SVK","","ALL","2007","520.51"
"SVK","","ALL","2008","557.56"
"SVK","","ALL","2009","580.73"
"SVK","","ALL","2010","589.45"
"SVK","","ALL","2011","596.81"
"SVK","","ALL","2012","603.65"
"SVK","","ALL","2013","593.12"
"SVK","","ALL","2014","618.03"
"SVN","","ALL","1980","274.98"
"SVN","","ALL","1981","283.37"
"SVN","","ALL","1982","272.99"
"SVN","","ALL","1983","276.38"
"SVN","","ALL","1984","285.17"
"SVN","","ALL","1985","281.32"
"SVN","","ALL","1986","297.92"
"SVN","","ALL","1987","296.31"
"SVN","","ALL","1988","299.45"
"SVN","","ALL","1989","316.19"
"SVN","","ALL","1990","326.06"
"SVN","","ALL","1991","335.2"
"SVN","","ALL","1992","357.65"
"SVN","","ALL","1993","372.95"
"SVN","","ALL","1994","377.66"
"SVN","","ALL","1995","390.64"
"SVN","","ALL","1996","392.63"
"SVN","","ALL","1997","434.31"
"SVN","","ALL","1998","448.5"
"SVN","","ALL","1999","455.24"
"SVN","","ALL","2000","461.65"
"SVN","","ALL","2001","489.2"
"SVN","","ALL","2002","504.63"
"SVN","","ALL","2003","526.55"
"SVN","","ALL","2004","557.89"
"SVN","","ALL","2005","563.94"
"SVN","","ALL","2006","576.79"
"SVN","","ALL","2007","597.95"
"SVN","","ALL","2008","621.07"
"SVN","","ALL","2009","626.15"
"SVN","","ALL","2010","665.31"
"SVN","","ALL","2011","666.6"
"SVN","","ALL","2012","676.08"
"SVN","","ALL","2013","694.28"
"SVN","","ALL","2014","693.64"
"SVN","","ALL","2015","731.33"
"SVN","","ALL","2016","753.11"
"SVN","","ALL","2017","748.1"
"SVN","","ALL","2018","796.6"
"SVN","","ALL","2019","791.89"
"SVN","","ALL","2020","726.34"
"SWE","","ALL","1970","352.63"
"SWE","","ALL","1971","362.21"
"SWE","","ALL","1972","376.26"
"SWE","","ALL","1973","385.29"
"SWE","","ALL","1974","390.14"
"SWE","","ALL","1975","388.4"
"SWE","","ALL","1976","396.6"
"SWE","","ALL","1977","399.52"
"SWE","","ALL","1978","403.9"
"SWE","","ALL","1979","416.35"
"SWE","","ALL","1980","421.3"
"SWE","","ALL","1981","422.49"
"SWE","","ALL","1982","433.58"
"SWE","","ALL","1983","445.48"
"SWE","","ALL","1984","455.09"
"SWE","","ALL","1985","458.22"
"SWE","","ALL","1986","462.26"
"SWE","","ALL","1987","477.18"
"SWE","","ALL","1988","474.14"
"SWE","","ALL","1989","475.25"
"SWE","","ALL","1990","477.93"
"SWE","","ALL","1991","478.19"
"SWE","","ALL","1992","481.09"
"SWE","","ALL","1993","486.56"
"SWE","","ALL","1994","491.93"
"SWE","","ALL","1995","483.18"
"SWE","","ALL","1996","490.49"
"SWE","","ALL","1997","490.54"
"SWE","","ALL","1998","501.39"
"SWE","","ALL","1999","518.07"
"SWE","","ALL","2000","522.69"
"SWE","","ALL","2001","531.14"
"SWE","","ALL","2002","539.58"
"SWE","","ALL","2003","557.63"
"SWE","","ALL","2004","576.01"
"SWE","","ALL","2005","578.33"
"SWE","","ALL","2006","581.39"
"SWE","","ALL","2007","576.23"
"SWE","","ALL","2008","586.58"
"SWE","","ALL","2009","617.26"
"SWE","","ALL","2010","617.83"
"SWE","","ALL","2011","638.12"
"SWE","","ALL","2012","630.89"
"SWE","","ALL","2013","661.45"
"SWE","","ALL","2014","690.42"
"SWE","","ALL","2015","685.93"
"SWE","","ALL","2016","696.09"
"SWE","","ALL","2017","701.22"
"SWE","","ALL","2018","710.53"
"SWE","","ALL","2019","729.95"
"SWE","","ALL","2020","690.32"
"SWE","","ALL","2021","751.95"
"SWE","","ALL","2022","748.2"
"TJK","","ALL","1990","71.65"
"TJK","","ALL","1991","69.63"
"TJK","","ALL","1992","50.63"
"TJK","","ALL","1993","43.55"
"TJK","","ALL","1995","26.66"
"TJK","","ALL","1996","25.54"
"TJK","","ALL","1997","23.53"
"TJK","","ALL","1998","24.52"
"TJK","","ALL","1999","40.2"
"TJK","","ALL","2000","43.55"
"TJK","","ALL","2001","34.95"
"TJK","","ALL","2002","29.73"
"TJK","","ALL","2003","35.17"
"TJK","","ALL","2004","31.18"
"TJK","","ALL","2005","28.45"
"TJK","","ALL","2006","30.75"
"TJK","","ALL","2007","30.51"
"TJK","","ALL","2008","30.39"
"TJK","","ALL","2009","36.64"
"TJK","","ALL","2010","38.14"
"TJK","","ALL","2011","38.86"
"TJK","","ALL","2012","37.06"
"TJK","","ALL","2013","38.17"
"TJK","","ALL","2014","37.31"
"TJK","","ALL","2015","35.74"
"TJK","","ALL","2016","35.95"
"TJK","","ALL","2017","34.68"
"TJK","","ALL","2018","35.02"
"TJK","","ALL","2019","41.25"
"TJK","","ALL","2020","33.31"
"TJK","","ALL","2021","32.06"
"TKM","","ALL","1991","89.64"
"TKM","","ALL","1992","82.56"
"TKM","","ALL","1993","80.43"
"TKM","","ALL","1994","70.04"
"TKM","","ALL","1995","55.54"
"TKM","","ALL","1996","57.96"
"TKM","","ALL","1997","56.53"
"TKM","","ALL","2000","69.63"
"TKM","","ALL","2001","60.06"
"TKM","","ALL","2002","59.47"
"TKM","","ALL","2003","61.93"
"TKM","","ALL","2004","59.53"
"TKM","","ALL","2005","59.03"
"TKM","","ALL","2006","59.26"
"TKM","","ALL","2007","61.33"
"TKM","","ALL","2008","64.46"
"TKM","","ALL","2009","65.93"
"TKM","","ALL","2010","67.57"
"TKM","","ALL","2011","70.42"
"TKM","","ALL","2012","73.33"
"TKM","","ALL","2013","71.37"
"TKM","","ALL","2014","72.39"
"TKM","","ALL","2015","77.68"
"TKM","","ALL","2016","79.96"
"TKM","","ALL","2017","81.09"
"TKM","","ALL","2018","84.89"
"TKM","","ALL","2019","88.11"
"TKM","","ALL","2020","89.76"
"TKM","","ALL","2021","78.07"
"TKM","","ALL","2022","78.17"
"TKM","","ALL","2023","74.14"
"TUR","","ALL","1983","19.54"
"TUR","","ALL","1984","18.95"
"TUR","","ALL","1985","27.41"
"TUR","","ALL","1986","31.48"
"TUR","","ALL","1987","36.86"
"TUR","","ALL","1988","31.86"
"TUR","","ALL","1989","32.65"
"TUR","","ALL","1990","46.01"
"TUR","","ALL","1991","49.98"
"TUR","","ALL","1992","38.54"
"TUR","","ALL","1993","38.12"
"TUR","","ALL","1994","34.16"
"TUR","","ALL","1995","53.33"
"TUR","","ALL","1996","65.61"
"TUR","","ALL","1997","54.58"
"TUR","","ALL","1998","57.76"
"TUR","","ALL","1999","40.94"
"TUR","","ALL","2000","52.01"
"TUR","","ALL","2001","62.97"
"TUR","","ALL","2002","75.06"
"TUR","","ALL","2003","73.85"
"TUR","","ALL","2004","86.35"
"TUR","","ALL","2005","87.9"
"TUR","","ALL","2006","117.76"
"TUR","","ALL","2007","128.64"
"TUR","","ALL","2008","147.19"
"TUR","","ALL","2009","157.11"
"TUR","","ALL","2010","158.49"
"TUR","","ALL","2011","168.35"
"TUR","","ALL","2012","193.78"
"TUR","","ALL","2013","212.91"
"TUR","","ALL","2014","201.97"
"TUR","","ALL","2015","213.53"
"TUR","","ALL","2016","226.06"
"TUR","","ALL","2017","229.78"
"TUR","","ALL","2018","241.77"
"TUR","","ALL","2019","247.21"
"UKR","","ALL","1980","238.6"
"UKR","","ALL","1981","246.08"
"UKR","","ALL","1982","251.09"
"UKR","","ALL","1983","257.53"
"UKR","","ALL","1984","267.27"
"UKR","","ALL","1985","274.81"
"UKR","","ALL","1986","282.71"
"UKR","","ALL","1987","292.09"
"UKR","","ALL","1988","298.45"
"UKR","","ALL","1989","297.65"
"UKR","","ALL","1990","300.92"
"UKR","","ALL","1991","305.19"
"UKR","","ALL","1992","312.09"
"UKR","","ALL","1993","307.83"
"UKR","","ALL","1994","311.2"
"UKR","","ALL","1995","309.29"
"UKR","","ALL","1996","310.75"
"UKR","","ALL","1997","315.68"
"UKR","","ALL","1998","317.77"
"UKR","","ALL","1999","318.47"
"UKR","","ALL","2000","317.93"
"UKR","","ALL","2001","317.43"
"UKR","","ALL","2002","323.69"
"UKR","","ALL","2003","326.1"
"UKR","","ALL","2004","329.73"
"UKR","","ALL","2005","335.64"
"UKR","","ALL","2006","329.62"
"UKR","","ALL","2007","332.67"
"UKR","","ALL","2008","331.93"
"UKR","","ALL","2009","332.15"
"UKR","","ALL","2010","341.86"
"UKR","","ALL","2011","349.33"
"UKR","","ALL","2012","357.97"
"UKR","","ALL","2013","361.26"
"UKR","","ALL","2014","298.83"
"UKR","","ALL","2015","299.18"
"UKR","","ALL","2016","301.02"
"UKR","","ALL","2017","303.54"
"UKR","","ALL","2018","303.8"
"UKR","","ALL","2019","305"
"UKR","","ALL","2020","245.93"
"UZB","","ALL","1990","80.59"
"UZB","","ALL","1991","77.13"
"UZB","","ALL","1992","76.04"
"UZB","","ALL","1993","75.63"
"UZB","","ALL","1994","70.74"
"UZB","","ALL","1995","67.5"
"UZB","","ALL","1996","65.71"
"UZB","","ALL","1997","67.53"
"UZB","","ALL","1998","68.72"
"UZB","","ALL","1999","70.17"
"UZB","","ALL","2000","70.82"
"UZB","","ALL","2001","70.36"
"UZB","","ALL","2002","69.76"
"UZB","","ALL","2003","69.61"
"UZB","","ALL","2004","67.71"
"UZB","","ALL","2005","66.2"
"UZB","","ALL","2006","69"
"UZB","","ALL","2007","71.05"
"UZB","","ALL","2008","68.22"
"UZB","","ALL","2009","68.44"
"UZB","","ALL","2010","66.92"
"UZB","","ALL","2011","65.91"
"UZB","","ALL","2012","64.54"
"UZB","","ALL","2013","66.14"
"UZB","","ALL","2014","68.55"
"UZB","","ALL","2015","70.84"
"UZB","","ALL","2016","69.49"
"UZB","","ALL","2017","70.76"
"UZB","","ALL","2018","71.64"
"UZB","","ALL","2019","74.12"
"","WESTERN_BALKANS","ALL","2000","240.85"
"","WESTERN_BALKANS","ALL","2001","251.51"
"","WESTERN_BALKANS","ALL","2002","254.99"
"","WESTERN_BALKANS","ALL","2003","260.37"
"","WESTERN_BALKANS","ALL","2004","264.79"
"","WESTERN_BALKANS","ALL","2005","266.53"
"","WESTERN_BALKANS","ALL","2007","326.14"
"","WESTERN_BALKANS","ALL","2009","338.17"
"","WESTERN_BALKANS","ALL","2010","344.11"
"","WESTERN_BALKANS","ALL","2011","348.14"
"","WESTERN_BALKANS","ALL","2012","344.11"
"","WESTERN_BALKANS","ALL","2013","340.14"
"","WESTERN_BALKANS","ALL","2015","372.05"
"","WESTERN_BALKANS","ALL","2016","356.45"
"","WESTERN_BALKANS","ALL","2017","390.65"
"","WESTERN_BALKANS","ALL","2018","385.41"
"","WESTERN_BALKANS","ALL","2019","390"
"","WHO_EURO","ALL","1983","277.6"
"","WHO_EURO","ALL","1984","279.52"
"","WHO_EURO","ALL","1985","281.62"
"","WHO_EURO","ALL","1986","285.66"
"","WHO_EURO","ALL","1987","289.39"
"","WHO_EURO","ALL","1988","294.25"
"","WHO_EURO","ALL","1989","293.35"
"","WHO_EURO","ALL","1990","295.83"
"","WHO_EURO","ALL","1991","299.26"
"","WHO_EURO","ALL","1992","304.88"
"","WHO_EURO","ALL","1993","308.25"
"","WHO_EURO","ALL","1994","313.38"
"","WHO_EURO","ALL","1995","317.38"
"","WHO_EURO","ALL","1996","325.33"
"","WHO_EURO","ALL","1997","331.49"
"","WHO_EURO","ALL","1998","333.34"
"","WHO_EURO","ALL","1999","340.58"
"","WHO_EURO","ALL","2000","347.86"
"","WHO_EURO","ALL","2001","355.51"
"","WHO_EURO","ALL","2002","362.83"
"","WHO_EURO","ALL","2003","369.95"
"","WHO_EURO","ALL","2004","378.05"
"","WHO_EURO","ALL","2005","382.57"
"","WHO_EURO","ALL","2006","390.62"
"","WHO_EURO","ALL","2007","399.82"
"","WHO_EURO","ALL","2008","408.58"
"","WHO_EURO","ALL","2009","415.23"
"","WHO_EURO","ALL","2010","418.48"
"","WHO_EURO","ALL","2011","425.19"
"","WHO_EURO","ALL","2012","429.2"
"","WHO_EURO","ALL","2013","436.39"
"","WHO_EURO","ALL","2014","442.14"
"","WHO_EURO","ALL","2015","450.15"
"","WHO_EURO","ALL","2016","454.82"
"","WHO_EURO","ALL","2017","451.79"
"","WHO_EURO","ALL","2018","452.2"
"","WHO_EURO","ALL","2019","456.7"
"","WHO_EURO","ALL","2020","426.33"

"Last update","2024.10.07 15:51:06 GMT"
"Description","Incidence of cancer per 100 000, by sex"
"Reference link","https://dw.euro.who.int/api/v3/measures/HFA_357?lang=En"

"Copyright"
"© WHO Regional Office for Europe 2024. All rights reserved.","https://www.who.int/about/policies/publishing/copyright"
