"INDICATOR","HFA_630"

"HFA_630","Age-standardized prevalence of obesity (defined as BMI = 30 kg/m2) in people aged 18 years and over, WHO estimates (%), by sex"

"UNIT_TYPE","Unit"
"PERCENT","%"

"EXTERNID","ID in the originating data source"

"DATA_SOURCE","Data source"
"HFA","European Health for All database"

"DATA_TYPE_REPRESENTATION","Data type representation"
"RATIO","Ratio"

"DATA_SET","Data set"
"HFA","European Health for All database (WHO)"

"DATA_MASK","Mask for controlling the output format of values"

"SEX","Sex"
"FEMALE","Female"
"MALE","Male"
"ALL","All"

"COUNTRY","COUNTRY_GRP","SEX","YEAR","VALUE"
"ALB","","ALL","1975","6.5"
"ALB","","ALL","1976","6.7"
"ALB","","ALL","1977","6.8"
"ALB","","ALL","1978","7"
"ALB","","ALL","1979","7.2"
"ALB","","ALL","1980","7.4"
"ALB","","ALL","1981","7.6"
"ALB","","ALL","1982","7.8"
"ALB","","ALL","1983","8"
"ALB","","ALL","1984","8.3"
"ALB","","ALL","1985","8.5"
"ALB","","ALL","1986","8.7"
"ALB","","ALL","1987","9"
"ALB","","ALL","1988","9.3"
"ALB","","ALL","1989","9.5"
"ALB","","ALL","1990","10.9"
"ALB","","ALL","1991","11.01"
"ALB","","ALL","1992","11.13"
"ALB","","ALL","1993","11.26"
"ALB","","ALL","1994","11.4"
"ALB","","ALL","1995","11.57"
"ALB","","ALL","1996","11.75"
"ALB","","ALL","1997","11.96"
"ALB","","ALL","1998","12.2"
"ALB","","ALL","1999","12.47"
"ALB","","ALL","2000","12.76"
"ALB","","ALL","2001","13.08"
"ALB","","ALL","2002","13.4"
"ALB","","ALL","2003","13.74"
"ALB","","ALL","2004","14.09"
"ALB","","ALL","2005","14.46"
"ALB","","ALL","2006","14.85"
"ALB","","ALL","2007","15.25"
"ALB","","ALL","2008","15.68"
"ALB","","ALL","2009","16.11"
"ALB","","ALL","2010","16.57"
"ALB","","ALL","2011","17.04"
"ALB","","ALL","2012","17.52"
"ALB","","ALL","2013","18.03"
"ALB","","ALL","2014","18.54"
"ALB","","ALL","2015","19.09"
"ALB","","ALL","2016","19.65"
"ALB","","ALL","2017","20.23"
"ALB","","ALL","2018","20.82"
"ALB","","ALL","2019","21.42"
"ALB","","ALL","2020","22.04"
"ALB","","ALL","2021","22.69"
"ALB","","ALL","2022","23.36"
"AND","","ALL","1975","12.9"
"AND","","ALL","1976","13.5"
"AND","","ALL","1977","14"
"AND","","ALL","1978","14.5"
"AND","","ALL","1979","15"
"AND","","ALL","1980","15.5"
"AND","","ALL","1981","16"
"AND","","ALL","1982","16.5"
"AND","","ALL","1983","16.9"
"AND","","ALL","1984","17.4"
"AND","","ALL","1985","17.8"
"AND","","ALL","1986","18.2"
"AND","","ALL","1987","18.6"
"AND","","ALL","1988","19"
"AND","","ALL","1989","19.3"
"AND","","ALL","1990","11.12"
"AND","","ALL","1991","11.28"
"AND","","ALL","1992","11.45"
"AND","","ALL","1993","11.65"
"AND","","ALL","1994","11.88"
"AND","","ALL","1995","12.14"
"AND","","ALL","1996","12.42"
"AND","","ALL","1997","12.73"
"AND","","ALL","1998","13.05"
"AND","","ALL","1999","13.38"
"AND","","ALL","2000","13.71"
"AND","","ALL","2001","14.05"
"AND","","ALL","2002","14.38"
"AND","","ALL","2003","14.71"
"AND","","ALL","2004","15.02"
"AND","","ALL","2005","15.32"
"AND","","ALL","2006","15.6"
"AND","","ALL","2007","15.85"
"AND","","ALL","2008","16.07"
"AND","","ALL","2009","16.26"
"AND","","ALL","2010","16.42"
"AND","","ALL","2011","16.55"
"AND","","ALL","2012","16.67"
"AND","","ALL","2013","16.77"
"AND","","ALL","2014","16.88"
"AND","","ALL","2015","16.99"
"AND","","ALL","2016","17.12"
"AND","","ALL","2017","17.26"
"AND","","ALL","2018","17.4"
"AND","","ALL","2019","17.56"
"AND","","ALL","2020","17.72"
"AND","","ALL","2021","17.91"
"AND","","ALL","2022","18.1"
"ARM","","ALL","1975","7.3"
"ARM","","ALL","1976","7.6"
"ARM","","ALL","1977","7.9"
"ARM","","ALL","1978","8.1"
"ARM","","ALL","1979","8.4"
"ARM","","ALL","1980","8.7"
"ARM","","ALL","1981","9"
"ARM","","ALL","1982","9.3"
"ARM","","ALL","1983","9.5"
"ARM","","ALL","1984","9.8"
"ARM","","ALL","1985","10.1"
"ARM","","ALL","1986","10.3"
"ARM","","ALL","1987","10.6"
"ARM","","ALL","1988","10.9"
"ARM","","ALL","1989","11.2"
"ARM","","ALL","1990","11.85"
"ARM","","ALL","1991","12.14"
"ARM","","ALL","1992","12.46"
"ARM","","ALL","1993","12.79"
"ARM","","ALL","1994","13.13"
"ARM","","ALL","1995","13.48"
"ARM","","ALL","1996","13.82"
"ARM","","ALL","1997","14.18"
"ARM","","ALL","1998","14.54"
"ARM","","ALL","1999","14.91"
"ARM","","ALL","2000","15.3"
"ARM","","ALL","2001","15.69"
"ARM","","ALL","2002","16.09"
"ARM","","ALL","2003","16.49"
"ARM","","ALL","2004","16.9"
"ARM","","ALL","2005","17.32"
"ARM","","ALL","2006","17.74"
"ARM","","ALL","2007","18.17"
"ARM","","ALL","2008","18.6"
"ARM","","ALL","2009","19.03"
"ARM","","ALL","2010","19.46"
"ARM","","ALL","2011","19.89"
"ARM","","ALL","2012","20.32"
"ARM","","ALL","2013","20.75"
"ARM","","ALL","2014","21.18"
"ARM","","ALL","2015","21.6"
"ARM","","ALL","2016","22.02"
"ARM","","ALL","2017","22.43"
"ARM","","ALL","2018","22.84"
"ARM","","ALL","2019","23.24"
"ARM","","ALL","2020","23.65"
"ARM","","ALL","2021","24.08"
"ARM","","ALL","2022","24.51"
"AUT","","ALL","1975","7.2"
"AUT","","ALL","1976","7.3"
"AUT","","ALL","1977","7.5"
"AUT","","ALL","1978","7.7"
"AUT","","ALL","1979","7.9"
"AUT","","ALL","1980","8.1"
"AUT","","ALL","1981","8.3"
"AUT","","ALL","1982","8.6"
"AUT","","ALL","1983","8.8"
"AUT","","ALL","1984","9"
"AUT","","ALL","1985","9.3"
"AUT","","ALL","1986","9.6"
"AUT","","ALL","1987","9.8"
"AUT","","ALL","1988","10.1"
"AUT","","ALL","1989","10.4"
"AUT","","ALL","1990","9.39"
"AUT","","ALL","1991","9.61"
"AUT","","ALL","1992","9.84"
"AUT","","ALL","1993","10.08"
"AUT","","ALL","1994","10.33"
"AUT","","ALL","1995","10.59"
"AUT","","ALL","1996","10.87"
"AUT","","ALL","1997","11.14"
"AUT","","ALL","1998","11.43"
"AUT","","ALL","1999","11.71"
"AUT","","ALL","2000","12"
"AUT","","ALL","2001","12.28"
"AUT","","ALL","2002","12.55"
"AUT","","ALL","2003","12.8"
"AUT","","ALL","2004","13.05"
"AUT","","ALL","2005","13.27"
"AUT","","ALL","2006","13.48"
"AUT","","ALL","2007","13.66"
"AUT","","ALL","2008","13.81"
"AUT","","ALL","2009","13.93"
"AUT","","ALL","2010","14.02"
"AUT","","ALL","2011","14.1"
"AUT","","ALL","2012","14.17"
"AUT","","ALL","2013","14.23"
"AUT","","ALL","2014","14.31"
"AUT","","ALL","2015","14.4"
"AUT","","ALL","2016","14.52"
"AUT","","ALL","2017","14.64"
"AUT","","ALL","2018","14.77"
"AUT","","ALL","2019","14.9"
"AUT","","ALL","2020","15.04"
"AUT","","ALL","2021","15.2"
"AUT","","ALL","2022","15.37"
"AZE","","ALL","1975","6.4"
"AZE","","ALL","1976","6.6"
"AZE","","ALL","1977","6.8"
"AZE","","ALL","1978","7"
"AZE","","ALL","1979","7.2"
"AZE","","ALL","1980","7.4"
"AZE","","ALL","1981","7.7"
"AZE","","ALL","1982","7.9"
"AZE","","ALL","1983","8.1"
"AZE","","ALL","1984","8.4"
"AZE","","ALL","1985","8.6"
"AZE","","ALL","1986","8.8"
"AZE","","ALL","1987","9.1"
"AZE","","ALL","1988","9.3"
"AZE","","ALL","1989","9.6"
"AZE","","ALL","1990","12.07"
"AZE","","ALL","1991","12.4"
"AZE","","ALL","1992","12.75"
"AZE","","ALL","1993","13.1"
"AZE","","ALL","1994","13.44"
"AZE","","ALL","1995","13.77"
"AZE","","ALL","1996","14.1"
"AZE","","ALL","1997","14.45"
"AZE","","ALL","1998","14.8"
"AZE","","ALL","1999","15.2"
"AZE","","ALL","2000","15.64"
"AZE","","ALL","2001","16.09"
"AZE","","ALL","2002","16.54"
"AZE","","ALL","2003","17.01"
"AZE","","ALL","2004","17.47"
"AZE","","ALL","2005","17.92"
"AZE","","ALL","2006","18.39"
"AZE","","ALL","2007","18.86"
"AZE","","ALL","2008","19.34"
"AZE","","ALL","2009","19.85"
"AZE","","ALL","2010","20.38"
"AZE","","ALL","2011","20.9"
"AZE","","ALL","2012","21.43"
"AZE","","ALL","2013","21.95"
"AZE","","ALL","2014","22.47"
"AZE","","ALL","2015","22.98"
"AZE","","ALL","2016","23.5"
"AZE","","ALL","2017","24"
"AZE","","ALL","2018","24.5"
"AZE","","ALL","2019","24.99"
"AZE","","ALL","2020","25.5"
"AZE","","ALL","2021","26.02"
"AZE","","ALL","2022","26.55"
"BEL","","ALL","1975","10.5"
"BEL","","ALL","1976","10.7"
"BEL","","ALL","1977","10.9"
"BEL","","ALL","1978","11.1"
"BEL","","ALL","1979","11.4"
"BEL","","ALL","1980","11.6"
"BEL","","ALL","1981","11.8"
"BEL","","ALL","1982","12"
"BEL","","ALL","1983","12.3"
"BEL","","ALL","1984","12.5"
"BEL","","ALL","1985","12.7"
"BEL","","ALL","1986","13"
"BEL","","ALL","1987","13.2"
"BEL","","ALL","1988","13.5"
"BEL","","ALL","1989","13.8"
"BEL","","ALL","1990","12.1"
"BEL","","ALL","1991","12.29"
"BEL","","ALL","1992","12.49"
"BEL","","ALL","1993","12.71"
"BEL","","ALL","1994","12.94"
"BEL","","ALL","1995","13.2"
"BEL","","ALL","1996","13.47"
"BEL","","ALL","1997","13.76"
"BEL","","ALL","1998","14.06"
"BEL","","ALL","1999","14.37"
"BEL","","ALL","2000","14.68"
"BEL","","ALL","2001","15"
"BEL","","ALL","2002","15.32"
"BEL","","ALL","2003","15.63"
"BEL","","ALL","2004","15.94"
"BEL","","ALL","2005","16.24"
"BEL","","ALL","2006","16.53"
"BEL","","ALL","2007","16.8"
"BEL","","ALL","2008","17.05"
"BEL","","ALL","2009","17.27"
"BEL","","ALL","2010","17.47"
"BEL","","ALL","2011","17.65"
"BEL","","ALL","2012","17.82"
"BEL","","ALL","2013","17.99"
"BEL","","ALL","2014","18.17"
"BEL","","ALL","2015","18.36"
"BEL","","ALL","2016","18.57"
"BEL","","ALL","2017","18.79"
"BEL","","ALL","2018","19.01"
"BEL","","ALL","2019","19.25"
"BEL","","ALL","2020","19.49"
"BEL","","ALL","2021","19.75"
"BEL","","ALL","2022","20.03"
"BGR","","ALL","1975","10.1"
"BGR","","ALL","1976","10.5"
"BGR","","ALL","1977","10.9"
"BGR","","ALL","1978","11.3"
"BGR","","ALL","1979","11.7"
"BGR","","ALL","1980","12"
"BGR","","ALL","1981","12.4"
"BGR","","ALL","1982","12.8"
"BGR","","ALL","1983","13.1"
"BGR","","ALL","1984","13.5"
"BGR","","ALL","1985","13.8"
"BGR","","ALL","1986","14.2"
"BGR","","ALL","1987","14.5"
"BGR","","ALL","1988","14.8"
"BGR","","ALL","1989","15.1"
"BGR","","ALL","1990","11.6"
"BGR","","ALL","1991","11.74"
"BGR","","ALL","1992","11.9"
"BGR","","ALL","1993","12.06"
"BGR","","ALL","1994","12.25"
"BGR","","ALL","1995","12.45"
"BGR","","ALL","1996","12.67"
"BGR","","ALL","1997","12.91"
"BGR","","ALL","1998","13.18"
"BGR","","ALL","1999","13.47"
"BGR","","ALL","2000","13.78"
"BGR","","ALL","2001","14.1"
"BGR","","ALL","2002","14.43"
"BGR","","ALL","2003","14.76"
"BGR","","ALL","2004","15.09"
"BGR","","ALL","2005","15.42"
"BGR","","ALL","2006","15.75"
"BGR","","ALL","2007","16.09"
"BGR","","ALL","2008","16.42"
"BGR","","ALL","2009","16.74"
"BGR","","ALL","2010","17.05"
"BGR","","ALL","2011","17.35"
"BGR","","ALL","2012","17.65"
"BGR","","ALL","2013","17.93"
"BGR","","ALL","2014","18.22"
"BGR","","ALL","2015","18.51"
"BGR","","ALL","2016","18.8"
"BGR","","ALL","2017","19.09"
"BGR","","ALL","2018","19.37"
"BGR","","ALL","2019","19.66"
"BGR","","ALL","2020","19.96"
"BGR","","ALL","2021","20.27"
"BGR","","ALL","2022","20.59"
"BIH","","ALL","1975","5.9"
"BIH","","ALL","1976","6.2"
"BIH","","ALL","1977","6.4"
"BIH","","ALL","1978","6.7"
"BIH","","ALL","1979","7"
"BIH","","ALL","1980","7.3"
"BIH","","ALL","1981","7.6"
"BIH","","ALL","1982","7.8"
"BIH","","ALL","1983","8.1"
"BIH","","ALL","1984","8.4"
"BIH","","ALL","1985","8.7"
"BIH","","ALL","1986","8.9"
"BIH","","ALL","1987","9.2"
"BIH","","ALL","1988","9.5"
"BIH","","ALL","1989","9.7"
"BIH","","ALL","1990","12.03"
"BIH","","ALL","1991","12.14"
"BIH","","ALL","1992","12.29"
"BIH","","ALL","1993","12.45"
"BIH","","ALL","1994","12.62"
"BIH","","ALL","1995","12.78"
"BIH","","ALL","1996","12.94"
"BIH","","ALL","1997","13.13"
"BIH","","ALL","1998","13.34"
"BIH","","ALL","1999","13.58"
"BIH","","ALL","2000","13.84"
"BIH","","ALL","2001","14.11"
"BIH","","ALL","2002","14.38"
"BIH","","ALL","2003","14.65"
"BIH","","ALL","2004","14.93"
"BIH","","ALL","2005","15.22"
"BIH","","ALL","2006","15.51"
"BIH","","ALL","2007","15.81"
"BIH","","ALL","2008","16.11"
"BIH","","ALL","2009","16.41"
"BIH","","ALL","2010","16.71"
"BIH","","ALL","2011","17.01"
"BIH","","ALL","2012","17.32"
"BIH","","ALL","2013","17.64"
"BIH","","ALL","2014","17.98"
"BIH","","ALL","2015","18.32"
"BIH","","ALL","2016","18.69"
"BIH","","ALL","2017","19.07"
"BIH","","ALL","2018","19.46"
"BIH","","ALL","2019","19.86"
"BIH","","ALL","2020","20.28"
"BIH","","ALL","2021","20.73"
"BIH","","ALL","2022","21.19"
"BLR","","ALL","1975","9.9"
"BLR","","ALL","1976","10.2"
"BLR","","ALL","1977","10.6"
"BLR","","ALL","1978","11"
"BLR","","ALL","1979","11.3"
"BLR","","ALL","1980","11.7"
"BLR","","ALL","1981","12.1"
"BLR","","ALL","1982","12.5"
"BLR","","ALL","1983","12.9"
"BLR","","ALL","1984","13.3"
"BLR","","ALL","1985","13.7"
"BLR","","ALL","1986","14.1"
"BLR","","ALL","1987","14.4"
"BLR","","ALL","1988","14.8"
"BLR","","ALL","1989","15.2"
"BLR","","ALL","1990","16.64"
"BLR","","ALL","1991","16.71"
"BLR","","ALL","1992","16.79"
"BLR","","ALL","1993","16.89"
"BLR","","ALL","1994","17.03"
"BLR","","ALL","1995","17.19"
"BLR","","ALL","1996","17.38"
"BLR","","ALL","1997","17.59"
"BLR","","ALL","1998","17.83"
"BLR","","ALL","1999","18.09"
"BLR","","ALL","2000","18.36"
"BLR","","ALL","2001","18.64"
"BLR","","ALL","2002","18.93"
"BLR","","ALL","2003","19.21"
"BLR","","ALL","2004","19.49"
"BLR","","ALL","2005","19.75"
"BLR","","ALL","2006","19.99"
"BLR","","ALL","2007","20.22"
"BLR","","ALL","2008","20.41"
"BLR","","ALL","2009","20.59"
"BLR","","ALL","2010","20.73"
"BLR","","ALL","2011","20.86"
"BLR","","ALL","2012","20.96"
"BLR","","ALL","2013","21.04"
"BLR","","ALL","2014","21.1"
"BLR","","ALL","2015","21.16"
"BLR","","ALL","2016","21.2"
"BLR","","ALL","2017","21.23"
"BLR","","ALL","2018","21.26"
"BLR","","ALL","2019","21.27"
"BLR","","ALL","2020","21.3"
"BLR","","ALL","2021","21.33"
"BLR","","ALL","2022","21.37"
"","CARINFONET","ALL","1980","6.29"
"","CARINFONET","ALL","1981","6.52"
"","CARINFONET","ALL","1982","6.73"
"","CARINFONET","ALL","1983","6.91"
"","CARINFONET","ALL","1984","7.12"
"","CARINFONET","ALL","1985","7.33"
"","CARINFONET","ALL","1986","7.55"
"","CARINFONET","ALL","1987","7.77"
"","CARINFONET","ALL","1988","7.99"
"","CARINFONET","ALL","1989","8.22"
"","CARINFONET","ALL","1990","9.35"
"","CARINFONET","ALL","1991","9.59"
"","CARINFONET","ALL","1992","9.81"
"","CARINFONET","ALL","1993","10.08"
"","CARINFONET","ALL","1994","10.34"
"","CARINFONET","ALL","1995","10.61"
"","CARINFONET","ALL","1996","10.89"
"","CARINFONET","ALL","1997","11.22"
"","CARINFONET","ALL","1998","11.54"
"","CARINFONET","ALL","1999","11.92"
"","CARINFONET","ALL","2000","12.32"
"","CARINFONET","ALL","2001","12.74"
"","CARINFONET","ALL","2002","13.19"
"","CARINFONET","ALL","2003","13.67"
"","CARINFONET","ALL","2004","14.18"
"","CARINFONET","ALL","2005","14.71"
"","CARINFONET","ALL","2006","15.27"
"","CARINFONET","ALL","2007","15.82"
"","CARINFONET","ALL","2008","16.41"
"","CARINFONET","ALL","2009","17.02"
"","CARINFONET","ALL","2010","17.64"
"","CARINFONET","ALL","2011","18.27"
"","CARINFONET","ALL","2012","18.9"
"","CARINFONET","ALL","2013","19.55"
"","CARINFONET","ALL","2014","20.14"
"","CARINFONET","ALL","2015","20.78"
"","CARINFONET","ALL","2016","21.42"
"","CARINFONET","ALL","2017","22.13"
"","CARINFONET","ALL","2018","22.77"
"","CARINFONET","ALL","2019","23.41"
"","CARINFONET","ALL","2020","24.05"
"","CARINFONET","ALL","2021","24.65"
"","CARINFONET","ALL","2022","25.3"
"CHE","","ALL","1975","5"
"CHE","","ALL","1976","5.2"
"CHE","","ALL","1977","5.4"
"CHE","","ALL","1978","5.5"
"CHE","","ALL","1979","5.7"
"CHE","","ALL","1980","5.9"
"CHE","","ALL","1981","6.1"
"CHE","","ALL","1982","6.4"
"CHE","","ALL","1983","6.7"
"CHE","","ALL","1984","7"
"CHE","","ALL","1985","7.4"
"CHE","","ALL","1986","7.8"
"CHE","","ALL","1987","8.3"
"CHE","","ALL","1988","8.8"
"CHE","","ALL","1989","9.3"
"CHE","","ALL","1990","9.17"
"CHE","","ALL","1991","9.28"
"CHE","","ALL","1992","9.4"
"CHE","","ALL","1993","9.53"
"CHE","","ALL","1994","9.67"
"CHE","","ALL","1995","9.83"
"CHE","","ALL","1996","9.99"
"CHE","","ALL","1997","10.16"
"CHE","","ALL","1998","10.33"
"CHE","","ALL","1999","10.51"
"CHE","","ALL","2000","10.69"
"CHE","","ALL","2001","10.86"
"CHE","","ALL","2002","11.03"
"CHE","","ALL","2003","11.18"
"CHE","","ALL","2004","11.33"
"CHE","","ALL","2005","11.46"
"CHE","","ALL","2006","11.57"
"CHE","","ALL","2007","11.67"
"CHE","","ALL","2008","11.74"
"CHE","","ALL","2009","11.79"
"CHE","","ALL","2010","11.81"
"CHE","","ALL","2011","11.82"
"CHE","","ALL","2012","11.81"
"CHE","","ALL","2013","11.8"
"CHE","","ALL","2014","11.8"
"CHE","","ALL","2015","11.81"
"CHE","","ALL","2016","11.84"
"CHE","","ALL","2017","11.87"
"CHE","","ALL","2018","11.9"
"CHE","","ALL","2019","11.94"
"CHE","","ALL","2020","11.99"
"CHE","","ALL","2021","12.05"
"CHE","","ALL","2022","12.11"
"","CIS","ALL","1980","12.94"
"","CIS","ALL","1981","13.16"
"","CIS","ALL","1982","13.43"
"","CIS","ALL","1983","13.63"
"","CIS","ALL","1984","13.86"
"","CIS","ALL","1985","14.07"
"","CIS","ALL","1986","14.29"
"","CIS","ALL","1987","14.5"
"","CIS","ALL","1988","14.72"
"","CIS","ALL","1989","14.92"
"","CIS","ALL","1990","15.18"
"","CIS","ALL","1991","15.26"
"","CIS","ALL","1992","15.35"
"","CIS","ALL","1993","15.48"
"","CIS","ALL","1994","15.65"
"","CIS","ALL","1995","15.84"
"","CIS","ALL","1996","16.06"
"","CIS","ALL","1997","16.3"
"","CIS","ALL","1998","16.57"
"","CIS","ALL","1999","16.87"
"","CIS","ALL","2000","17.19"
"","CIS","ALL","2001","17.52"
"","CIS","ALL","2002","17.87"
"","CIS","ALL","2003","18.24"
"","CIS","ALL","2004","18.61"
"","CIS","ALL","2005","18.97"
"","CIS","ALL","2006","19.34"
"","CIS","ALL","2007","19.68"
"","CIS","ALL","2008","20.03"
"","CIS","ALL","2009","20.37"
"","CIS","ALL","2010","20.7"
"","CIS","ALL","2011","21.01"
"","CIS","ALL","2012","21.32"
"","CIS","ALL","2013","21.62"
"","CIS","ALL","2014","21.92"
"","CIS","ALL","2015","22.22"
"","CIS","ALL","2016","22.51"
"","CIS","ALL","2017","22.83"
"","CIS","ALL","2018","23.12"
"","CIS","ALL","2019","23.43"
"","CIS","ALL","2020","23.73"
"","CIS","ALL","2021","24.05"
"","CIS","ALL","2022","24.4"
"CYP","","ALL","1975","5.5"
"CYP","","ALL","1976","5.9"
"CYP","","ALL","1977","6.3"
"CYP","","ALL","1978","6.7"
"CYP","","ALL","1979","7.2"
"CYP","","ALL","1980","7.7"
"CYP","","ALL","1981","8.2"
"CYP","","ALL","1982","8.8"
"CYP","","ALL","1983","9.3"
"CYP","","ALL","1984","9.8"
"CYP","","ALL","1985","10.4"
"CYP","","ALL","1986","10.9"
"CYP","","ALL","1987","11.3"
"CYP","","ALL","1988","11.8"
"CYP","","ALL","1989","12.2"
"CYP","","ALL","1990","14.83"
"CYP","","ALL","1991","15.04"
"CYP","","ALL","1992","15.27"
"CYP","","ALL","1993","15.53"
"CYP","","ALL","1994","15.82"
"CYP","","ALL","1995","16.15"
"CYP","","ALL","1996","16.5"
"CYP","","ALL","1997","16.88"
"CYP","","ALL","1998","17.28"
"CYP","","ALL","1999","17.69"
"CYP","","ALL","2000","18.1"
"CYP","","ALL","2001","18.51"
"CYP","","ALL","2002","18.9"
"CYP","","ALL","2003","19.29"
"CYP","","ALL","2004","19.65"
"CYP","","ALL","2005","19.99"
"CYP","","ALL","2006","20.32"
"CYP","","ALL","2007","20.61"
"CYP","","ALL","2008","20.87"
"CYP","","ALL","2009","21.09"
"CYP","","ALL","2010","21.27"
"CYP","","ALL","2011","21.43"
"CYP","","ALL","2012","21.56"
"CYP","","ALL","2013","21.67"
"CYP","","ALL","2014","21.79"
"CYP","","ALL","2015","21.9"
"CYP","","ALL","2016","22.03"
"CYP","","ALL","2017","22.16"
"CYP","","ALL","2018","22.29"
"CYP","","ALL","2019","22.43"
"CYP","","ALL","2020","22.59"
"CYP","","ALL","2021","22.76"
"CYP","","ALL","2022","22.94"
"CZE","","ALL","1975","13.8"
"CZE","","ALL","1976","14.2"
"CZE","","ALL","1977","14.6"
"CZE","","ALL","1978","15"
"CZE","","ALL","1979","15.5"
"CZE","","ALL","1980","15.9"
"CZE","","ALL","1981","16.3"
"CZE","","ALL","1982","16.7"
"CZE","","ALL","1983","17.1"
"CZE","","ALL","1984","17.4"
"CZE","","ALL","1985","17.6"
"CZE","","ALL","1986","17.9"
"CZE","","ALL","1987","18.1"
"CZE","","ALL","1988","18.4"
"CZE","","ALL","1989","18.6"
"CZE","","ALL","1990","19.62"
"CZE","","ALL","1991","19.5"
"CZE","","ALL","1992","19.38"
"CZE","","ALL","1993","19.27"
"CZE","","ALL","1994","19.18"
"CZE","","ALL","1995","19.11"
"CZE","","ALL","1996","19.06"
"CZE","","ALL","1997","19.04"
"CZE","","ALL","1998","19.06"
"CZE","","ALL","1999","19.11"
"CZE","","ALL","2000","19.18"
"CZE","","ALL","2001","19.29"
"CZE","","ALL","2002","19.4"
"CZE","","ALL","2003","19.54"
"CZE","","ALL","2004","19.69"
"CZE","","ALL","2005","19.87"
"CZE","","ALL","2006","20.09"
"CZE","","ALL","2007","20.33"
"CZE","","ALL","2008","20.6"
"CZE","","ALL","2009","20.89"
"CZE","","ALL","2010","21.19"
"CZE","","ALL","2011","21.5"
"CZE","","ALL","2012","21.84"
"CZE","","ALL","2013","22.19"
"CZE","","ALL","2014","22.55"
"CZE","","ALL","2015","22.94"
"CZE","","ALL","2016","23.35"
"CZE","","ALL","2017","23.77"
"CZE","","ALL","2018","24.19"
"CZE","","ALL","2019","24.62"
"CZE","","ALL","2020","25.06"
"CZE","","ALL","2021","25.51"
"CZE","","ALL","2022","25.98"
"DEU","","ALL","1975","9"
"DEU","","ALL","1976","9.2"
"DEU","","ALL","1977","9.4"
"DEU","","ALL","1978","9.6"
"DEU","","ALL","1979","9.8"
"DEU","","ALL","1980","10.1"
"DEU","","ALL","1981","10.3"
"DEU","","ALL","1982","10.6"
"DEU","","ALL","1983","10.8"
"DEU","","ALL","1984","11.1"
"DEU","","ALL","1985","11.3"
"DEU","","ALL","1986","11.6"
"DEU","","ALL","1987","11.9"
"DEU","","ALL","1988","12.2"
"DEU","","ALL","1989","12.5"
"DEU","","ALL","1990","13.78"
"DEU","","ALL","1991","14.14"
"DEU","","ALL","1992","14.51"
"DEU","","ALL","1993","14.9"
"DEU","","ALL","1994","15.31"
"DEU","","ALL","1995","15.72"
"DEU","","ALL","1996","16.15"
"DEU","","ALL","1997","16.58"
"DEU","","ALL","1998","17.01"
"DEU","","ALL","1999","17.43"
"DEU","","ALL","2000","17.84"
"DEU","","ALL","2001","18.24"
"DEU","","ALL","2002","18.62"
"DEU","","ALL","2003","18.98"
"DEU","","ALL","2004","19.31"
"DEU","","ALL","2005","19.6"
"DEU","","ALL","2006","19.86"
"DEU","","ALL","2007","20.08"
"DEU","","ALL","2008","20.25"
"DEU","","ALL","2009","20.37"
"DEU","","ALL","2010","20.44"
"DEU","","ALL","2011","20.47"
"DEU","","ALL","2012","20.47"
"DEU","","ALL","2013","20.45"
"DEU","","ALL","2014","20.43"
"DEU","","ALL","2015","20.41"
"DEU","","ALL","2016","20.4"
"DEU","","ALL","2017","20.39"
"DEU","","ALL","2018","20.38"
"DEU","","ALL","2019","20.37"
"DEU","","ALL","2020","20.37"
"DEU","","ALL","2021","20.38"
"DEU","","ALL","2022","20.4"
"DNK","","ALL","1975","7.2"
"DNK","","ALL","1976","7.4"
"DNK","","ALL","1977","7.6"
"DNK","","ALL","1978","7.9"
"DNK","","ALL","1979","8.1"
"DNK","","ALL","1980","8.4"
"DNK","","ALL","1981","8.6"
"DNK","","ALL","1982","8.9"
"DNK","","ALL","1983","9.1"
"DNK","","ALL","1984","9.4"
"DNK","","ALL","1985","9.6"
"DNK","","ALL","1986","9.9"
"DNK","","ALL","1987","10.2"
"DNK","","ALL","1988","10.4"
"DNK","","ALL","1989","10.7"
"DNK","","ALL","1990","7.88"
"DNK","","ALL","1991","8.11"
"DNK","","ALL","1992","8.36"
"DNK","","ALL","1993","8.61"
"DNK","","ALL","1994","8.87"
"DNK","","ALL","1995","9.14"
"DNK","","ALL","1996","9.42"
"DNK","","ALL","1997","9.71"
"DNK","","ALL","1998","10"
"DNK","","ALL","1999","10.29"
"DNK","","ALL","2000","10.57"
"DNK","","ALL","2001","10.85"
"DNK","","ALL","2002","11.12"
"DNK","","ALL","2003","11.37"
"DNK","","ALL","2004","11.6"
"DNK","","ALL","2005","11.81"
"DNK","","ALL","2006","12"
"DNK","","ALL","2007","12.15"
"DNK","","ALL","2008","12.28"
"DNK","","ALL","2009","12.38"
"DNK","","ALL","2010","12.46"
"DNK","","ALL","2011","12.51"
"DNK","","ALL","2012","12.55"
"DNK","","ALL","2013","12.58"
"DNK","","ALL","2014","12.63"
"DNK","","ALL","2015","12.68"
"DNK","","ALL","2016","12.75"
"DNK","","ALL","2017","12.82"
"DNK","","ALL","2018","12.9"
"DNK","","ALL","2019","12.98"
"DNK","","ALL","2020","13.07"
"DNK","","ALL","2021","13.17"
"DNK","","ALL","2022","13.28"
"ESP","","ALL","1975","9.7"
"ESP","","ALL","1976","10.1"
"ESP","","ALL","1977","10.4"
"ESP","","ALL","1978","10.8"
"ESP","","ALL","1979","11.1"
"ESP","","ALL","1980","11.5"
"ESP","","ALL","1981","11.8"
"ESP","","ALL","1982","12.2"
"ESP","","ALL","1983","12.5"
"ESP","","ALL","1984","12.9"
"ESP","","ALL","1985","13.2"
"ESP","","ALL","1986","13.5"
"ESP","","ALL","1987","13.9"
"ESP","","ALL","1988","14.2"
"ESP","","ALL","1989","14.6"
"ESP","","ALL","1990","14.62"
"ESP","","ALL","1991","14.88"
"ESP","","ALL","1992","15.16"
"ESP","","ALL","1993","15.47"
"ESP","","ALL","1994","15.81"
"ESP","","ALL","1995","16.18"
"ESP","","ALL","1996","16.57"
"ESP","","ALL","1997","16.98"
"ESP","","ALL","1998","17.39"
"ESP","","ALL","1999","17.79"
"ESP","","ALL","2000","18.18"
"ESP","","ALL","2001","18.54"
"ESP","","ALL","2002","18.86"
"ESP","","ALL","2003","19.14"
"ESP","","ALL","2004","19.37"
"ESP","","ALL","2005","19.54"
"ESP","","ALL","2006","19.65"
"ESP","","ALL","2007","19.7"
"ESP","","ALL","2008","19.68"
"ESP","","ALL","2009","19.58"
"ESP","","ALL","2010","19.4"
"ESP","","ALL","2011","19.17"
"ESP","","ALL","2012","18.88"
"ESP","","ALL","2013","18.57"
"ESP","","ALL","2014","18.23"
"ESP","","ALL","2015","17.89"
"ESP","","ALL","2016","17.54"
"ESP","","ALL","2017","17.21"
"ESP","","ALL","2018","16.87"
"ESP","","ALL","2019","16.55"
"ESP","","ALL","2020","16.24"
"ESP","","ALL","2021","15.95"
"ESP","","ALL","2022","15.67"
"EST","","ALL","1975","12.7"
"EST","","ALL","1976","12.9"
"EST","","ALL","1977","13.1"
"EST","","ALL","1978","13.4"
"EST","","ALL","1979","13.6"
"EST","","ALL","1980","13.8"
"EST","","ALL","1981","14"
"EST","","ALL","1982","14.2"
"EST","","ALL","1983","14.4"
"EST","","ALL","1984","14.6"
"EST","","ALL","1985","14.8"
"EST","","ALL","1986","15"
"EST","","ALL","1987","15.2"
"EST","","ALL","1988","15.4"
"EST","","ALL","1989","15.5"
"EST","","ALL","1990","13.66"
"EST","","ALL","1991","13.82"
"EST","","ALL","1992","14"
"EST","","ALL","1993","14.2"
"EST","","ALL","1994","14.45"
"EST","","ALL","1995","14.73"
"EST","","ALL","1996","15.05"
"EST","","ALL","1997","15.41"
"EST","","ALL","1998","15.81"
"EST","","ALL","1999","16.26"
"EST","","ALL","2000","16.72"
"EST","","ALL","2001","17.19"
"EST","","ALL","2002","17.67"
"EST","","ALL","2003","18.14"
"EST","","ALL","2004","18.58"
"EST","","ALL","2005","19"
"EST","","ALL","2006","19.38"
"EST","","ALL","2007","19.73"
"EST","","ALL","2008","20.04"
"EST","","ALL","2009","20.3"
"EST","","ALL","2010","20.53"
"EST","","ALL","2011","20.72"
"EST","","ALL","2012","20.89"
"EST","","ALL","2013","21.04"
"EST","","ALL","2014","21.17"
"EST","","ALL","2015","21.3"
"EST","","ALL","2016","21.43"
"EST","","ALL","2017","21.55"
"EST","","ALL","2018","21.67"
"EST","","ALL","2019","21.79"
"EST","","ALL","2020","21.91"
"EST","","ALL","2021","22.03"
"EST","","ALL","2022","22.16"
"","EU_AFTER_MAY2004","ALL","1975","10.55"
"","EU_AFTER_MAY2004","ALL","1976","10.82"
"","EU_AFTER_MAY2004","ALL","1977","11.15"
"","EU_AFTER_MAY2004","ALL","1978","11.46"
"","EU_AFTER_MAY2004","ALL","1979","11.79"
"","EU_AFTER_MAY2004","ALL","1980","12.11"
"","EU_AFTER_MAY2004","ALL","1981","12.44"
"","EU_AFTER_MAY2004","ALL","1982","12.71"
"","EU_AFTER_MAY2004","ALL","1983","13.03"
"","EU_AFTER_MAY2004","ALL","1984","13.37"
"","EU_AFTER_MAY2004","ALL","1985","13.66"
"","EU_AFTER_MAY2004","ALL","1986","13.96"
"","EU_AFTER_MAY2004","ALL","1987","14.23"
"","EU_AFTER_MAY2004","ALL","1988","14.54"
"","EU_AFTER_MAY2004","ALL","1989","14.83"
"","EU_AFTER_MAY2004","ALL","1990","13.15"
"","EU_AFTER_MAY2004","ALL","1991","13.3"
"","EU_AFTER_MAY2004","ALL","1992","13.48"
"","EU_AFTER_MAY2004","ALL","1993","13.66"
"","EU_AFTER_MAY2004","ALL","1994","13.87"
"","EU_AFTER_MAY2004","ALL","1995","14.09"
"","EU_AFTER_MAY2004","ALL","1996","14.36"
"","EU_AFTER_MAY2004","ALL","1997","14.65"
"","EU_AFTER_MAY2004","ALL","1998","14.98"
"","EU_AFTER_MAY2004","ALL","1999","15.35"
"","EU_AFTER_MAY2004","ALL","2000","15.75"
"","EU_AFTER_MAY2004","ALL","2001","16.19"
"","EU_AFTER_MAY2004","ALL","2002","16.66"
"","EU_AFTER_MAY2004","ALL","2003","17.14"
"","EU_AFTER_MAY2004","ALL","2004","17.62"
"","EU_AFTER_MAY2004","ALL","2005","18.13"
"","EU_AFTER_MAY2004","ALL","2006","18.64"
"","EU_AFTER_MAY2004","ALL","2007","19.18"
"","EU_AFTER_MAY2004","ALL","2008","19.72"
"","EU_AFTER_MAY2004","ALL","2009","20.27"
"","EU_AFTER_MAY2004","ALL","2010","20.82"
"","EU_AFTER_MAY2004","ALL","2011","21.38"
"","EU_AFTER_MAY2004","ALL","2012","21.95"
"","EU_AFTER_MAY2004","ALL","2013","22.52"
"","EU_AFTER_MAY2004","ALL","2014","23.09"
"","EU_AFTER_MAY2004","ALL","2015","23.69"
"","EU_AFTER_MAY2004","ALL","2016","24.31"
"","EU_AFTER_MAY2004","ALL","2017","25"
"","EU_AFTER_MAY2004","ALL","2018","25.65"
"","EU_AFTER_MAY2004","ALL","2019","26.3"
"","EU_AFTER_MAY2004","ALL","2020","26.98"
"","EU_AFTER_MAY2004","ALL","2021","27.53"
"","EU_AFTER_MAY2004","ALL","2022","28.24"
"","EU_BEFORE_FEB2020","ALL","1975","9.12"
"","EU_BEFORE_FEB2020","ALL","1976","9.37"
"","EU_BEFORE_FEB2020","ALL","1977","9.63"
"","EU_BEFORE_FEB2020","ALL","1978","9.88"
"","EU_BEFORE_FEB2020","ALL","1979","10.15"
"","EU_BEFORE_FEB2020","ALL","1980","10.45"
"","EU_BEFORE_FEB2020","ALL","1981","10.72"
"","EU_BEFORE_FEB2020","ALL","1982","11.01"
"","EU_BEFORE_FEB2020","ALL","1983","11.27"
"","EU_BEFORE_FEB2020","ALL","1984","11.58"
"","EU_BEFORE_FEB2020","ALL","1985","11.85"
"","EU_BEFORE_FEB2020","ALL","1986","12.15"
"","EU_BEFORE_FEB2020","ALL","1987","12.43"
"","EU_BEFORE_FEB2020","ALL","1988","12.74"
"","EU_BEFORE_FEB2020","ALL","1989","13.05"
"","EU_BEFORE_FEB2020","ALL","1990","12.44"
"","EU_BEFORE_FEB2020","ALL","1991","12.67"
"","EU_BEFORE_FEB2020","ALL","1992","12.93"
"","EU_BEFORE_FEB2020","ALL","1993","13.21"
"","EU_BEFORE_FEB2020","ALL","1994","13.51"
"","EU_BEFORE_FEB2020","ALL","1995","13.83"
"","EU_BEFORE_FEB2020","ALL","1996","14.18"
"","EU_BEFORE_FEB2020","ALL","1997","14.54"
"","EU_BEFORE_FEB2020","ALL","1998","14.91"
"","EU_BEFORE_FEB2020","ALL","1999","15.3"
"","EU_BEFORE_FEB2020","ALL","2000","15.7"
"","EU_BEFORE_FEB2020","ALL","2001","16.09"
"","EU_BEFORE_FEB2020","ALL","2002","16.48"
"","EU_BEFORE_FEB2020","ALL","2003","16.84"
"","EU_BEFORE_FEB2020","ALL","2004","17.19"
"","EU_BEFORE_FEB2020","ALL","2005","17.53"
"","EU_BEFORE_FEB2020","ALL","2006","17.83"
"","EU_BEFORE_FEB2020","ALL","2007","18.11"
"","EU_BEFORE_FEB2020","ALL","2008","18.37"
"","EU_BEFORE_FEB2020","ALL","2009","18.58"
"","EU_BEFORE_FEB2020","ALL","2010","18.76"
"","EU_BEFORE_FEB2020","ALL","2011","18.93"
"","EU_BEFORE_FEB2020","ALL","2012","19.06"
"","EU_BEFORE_FEB2020","ALL","2013","19.18"
"","EU_BEFORE_FEB2020","ALL","2014","19.28"
"","EU_BEFORE_FEB2020","ALL","2015","19.4"
"","EU_BEFORE_FEB2020","ALL","2016","19.53"
"","EU_BEFORE_FEB2020","ALL","2017","19.72"
"","EU_BEFORE_FEB2020","ALL","2018","19.87"
"","EU_BEFORE_FEB2020","ALL","2019","20.02"
"","EU_BEFORE_FEB2020","ALL","2020","20.18"
"","EU_BEFORE_FEB2020","ALL","2021","20.29"
"","EU_BEFORE_FEB2020","ALL","2022","20.48"
"","EU_BEFORE_MAY2004","ALL","1975","8.69"
"","EU_BEFORE_MAY2004","ALL","1976","8.94"
"","EU_BEFORE_MAY2004","ALL","1977","9.18"
"","EU_BEFORE_MAY2004","ALL","1978","9.41"
"","EU_BEFORE_MAY2004","ALL","1979","9.66"
"","EU_BEFORE_MAY2004","ALL","1980","9.95"
"","EU_BEFORE_MAY2004","ALL","1981","10.2"
"","EU_BEFORE_MAY2004","ALL","1982","10.49"
"","EU_BEFORE_MAY2004","ALL","1983","10.73"
"","EU_BEFORE_MAY2004","ALL","1984","11.04"
"","EU_BEFORE_MAY2004","ALL","1985","11.29"
"","EU_BEFORE_MAY2004","ALL","1986","11.59"
"","EU_BEFORE_MAY2004","ALL","1987","11.88"
"","EU_BEFORE_MAY2004","ALL","1988","12.18"
"","EU_BEFORE_MAY2004","ALL","1989","12.5"
"","EU_BEFORE_MAY2004","ALL","1990","12.22"
"","EU_BEFORE_MAY2004","ALL","1991","12.48"
"","EU_BEFORE_MAY2004","ALL","1992","12.77"
"","EU_BEFORE_MAY2004","ALL","1993","13.07"
"","EU_BEFORE_MAY2004","ALL","1994","13.4"
"","EU_BEFORE_MAY2004","ALL","1995","13.75"
"","EU_BEFORE_MAY2004","ALL","1996","14.12"
"","EU_BEFORE_MAY2004","ALL","1997","14.5"
"","EU_BEFORE_MAY2004","ALL","1998","14.89"
"","EU_BEFORE_MAY2004","ALL","1999","15.29"
"","EU_BEFORE_MAY2004","ALL","2000","15.68"
"","EU_BEFORE_MAY2004","ALL","2001","16.06"
"","EU_BEFORE_MAY2004","ALL","2002","16.42"
"","EU_BEFORE_MAY2004","ALL","2003","16.76"
"","EU_BEFORE_MAY2004","ALL","2004","17.07"
"","EU_BEFORE_MAY2004","ALL","2005","17.36"
"","EU_BEFORE_MAY2004","ALL","2006","17.61"
"","EU_BEFORE_MAY2004","ALL","2007","17.82"
"","EU_BEFORE_MAY2004","ALL","2008","18"
"","EU_BEFORE_MAY2004","ALL","2009","18.12"
"","EU_BEFORE_MAY2004","ALL","2010","18.21"
"","EU_BEFORE_MAY2004","ALL","2011","18.26"
"","EU_BEFORE_MAY2004","ALL","2012","18.29"
"","EU_BEFORE_MAY2004","ALL","2013","18.28"
"","EU_BEFORE_MAY2004","ALL","2014","18.28"
"","EU_BEFORE_MAY2004","ALL","2015","18.28"
"","EU_BEFORE_MAY2004","ALL","2016","18.29"
"","EU_BEFORE_MAY2004","ALL","2017","18.31"
"","EU_BEFORE_MAY2004","ALL","2018","18.34"
"","EU_BEFORE_MAY2004","ALL","2019","18.35"
"","EU_BEFORE_MAY2004","ALL","2020","18.39"
"","EU_BEFORE_MAY2004","ALL","2021","18.45"
"","EU_BEFORE_MAY2004","ALL","2022","18.5"
"","EU_MEMBERS","ALL","1975","9.08"
"","EU_MEMBERS","ALL","1976","9.34"
"","EU_MEMBERS","ALL","1977","9.59"
"","EU_MEMBERS","ALL","1978","9.85"
"","EU_MEMBERS","ALL","1979","10.12"
"","EU_MEMBERS","ALL","1980","10.41"
"","EU_MEMBERS","ALL","1981","10.68"
"","EU_MEMBERS","ALL","1982","10.96"
"","EU_MEMBERS","ALL","1983","11.22"
"","EU_MEMBERS","ALL","1984","11.54"
"","EU_MEMBERS","ALL","1985","11.78"
"","EU_MEMBERS","ALL","1986","12.08"
"","EU_MEMBERS","ALL","1987","12.37"
"","EU_MEMBERS","ALL","1988","12.66"
"","EU_MEMBERS","ALL","1989","12.97"
"","EU_MEMBERS","ALL","1990","12.51"
"","EU_MEMBERS","ALL","1991","12.69"
"","EU_MEMBERS","ALL","1992","12.89"
"","EU_MEMBERS","ALL","1993","13.11"
"","EU_MEMBERS","ALL","1994","13.36"
"","EU_MEMBERS","ALL","1995","13.62"
"","EU_MEMBERS","ALL","1996","13.91"
"","EU_MEMBERS","ALL","1997","14.22"
"","EU_MEMBERS","ALL","1998","14.55"
"","EU_MEMBERS","ALL","1999","14.89"
"","EU_MEMBERS","ALL","2000","15.23"
"","EU_MEMBERS","ALL","2001","15.58"
"","EU_MEMBERS","ALL","2002","15.93"
"","EU_MEMBERS","ALL","2003","16.25"
"","EU_MEMBERS","ALL","2004","16.57"
"","EU_MEMBERS","ALL","2005","16.87"
"","EU_MEMBERS","ALL","2006","17.14"
"","EU_MEMBERS","ALL","2007","17.4"
"","EU_MEMBERS","ALL","2008","17.63"
"","EU_MEMBERS","ALL","2009","17.82"
"","EU_MEMBERS","ALL","2010","17.98"
"","EU_MEMBERS","ALL","2011","18.12"
"","EU_MEMBERS","ALL","2012","18.24"
"","EU_MEMBERS","ALL","2013","18.34"
"","EU_MEMBERS","ALL","2014","18.42"
"","EU_MEMBERS","ALL","2015","18.52"
"","EU_MEMBERS","ALL","2016","18.64"
"","EU_MEMBERS","ALL","2017","18.82"
"","EU_MEMBERS","ALL","2018","18.96"
"","EU_MEMBERS","ALL","2019","19.1"
"","EU_MEMBERS","ALL","2020","19.25"
"","EU_MEMBERS","ALL","2021","19.33"
"","EU_MEMBERS","ALL","2022","19.51"
"FIN","","ALL","1975","6.9"
"FIN","","ALL","1976","7.2"
"FIN","","ALL","1977","7.5"
"FIN","","ALL","1978","7.8"
"FIN","","ALL","1979","8.2"
"FIN","","ALL","1980","8.5"
"FIN","","ALL","1981","8.8"
"FIN","","ALL","1982","9.2"
"FIN","","ALL","1983","9.6"
"FIN","","ALL","1984","9.9"
"FIN","","ALL","1985","10.3"
"FIN","","ALL","1986","10.7"
"FIN","","ALL","1987","11.1"
"FIN","","ALL","1988","11.5"
"FIN","","ALL","1989","12"
"FIN","","ALL","1990","13.45"
"FIN","","ALL","1991","13.66"
"FIN","","ALL","1992","13.89"
"FIN","","ALL","1993","14.14"
"FIN","","ALL","1994","14.41"
"FIN","","ALL","1995","14.69"
"FIN","","ALL","1996","14.99"
"FIN","","ALL","1997","15.3"
"FIN","","ALL","1998","15.62"
"FIN","","ALL","1999","15.95"
"FIN","","ALL","2000","16.28"
"FIN","","ALL","2001","16.61"
"FIN","","ALL","2002","16.93"
"FIN","","ALL","2003","17.24"
"FIN","","ALL","2004","17.54"
"FIN","","ALL","2005","17.82"
"FIN","","ALL","2006","18.09"
"FIN","","ALL","2007","18.35"
"FIN","","ALL","2008","18.58"
"FIN","","ALL","2009","18.79"
"FIN","","ALL","2010","18.99"
"FIN","","ALL","2011","19.16"
"FIN","","ALL","2012","19.33"
"FIN","","ALL","2013","19.5"
"FIN","","ALL","2014","19.68"
"FIN","","ALL","2015","19.87"
"FIN","","ALL","2016","20.08"
"FIN","","ALL","2017","20.3"
"FIN","","ALL","2018","20.52"
"FIN","","ALL","2019","20.75"
"FIN","","ALL","2020","20.99"
"FIN","","ALL","2021","21.24"
"FIN","","ALL","2022","21.51"
"FRA","","ALL","1975","8.8"
"FRA","","ALL","1976","9.1"
"FRA","","ALL","1977","9.3"
"FRA","","ALL","1978","9.5"
"FRA","","ALL","1979","9.8"
"FRA","","ALL","1980","10"
"FRA","","ALL","1981","10.3"
"FRA","","ALL","1982","10.5"
"FRA","","ALL","1983","10.7"
"FRA","","ALL","1984","11"
"FRA","","ALL","1985","11.2"
"FRA","","ALL","1986","11.5"
"FRA","","ALL","1987","11.8"
"FRA","","ALL","1988","12"
"FRA","","ALL","1989","12.3"
"FRA","","ALL","1990","10.41"
"FRA","","ALL","1991","10.49"
"FRA","","ALL","1992","10.58"
"FRA","","ALL","1993","10.7"
"FRA","","ALL","1994","10.83"
"FRA","","ALL","1995","10.97"
"FRA","","ALL","1996","11.13"
"FRA","","ALL","1997","11.3"
"FRA","","ALL","1998","11.48"
"FRA","","ALL","1999","11.65"
"FRA","","ALL","2000","11.81"
"FRA","","ALL","2001","11.96"
"FRA","","ALL","2002","12.09"
"FRA","","ALL","2003","12.2"
"FRA","","ALL","2004","12.29"
"FRA","","ALL","2005","12.34"
"FRA","","ALL","2006","12.37"
"FRA","","ALL","2007","12.36"
"FRA","","ALL","2008","12.31"
"FRA","","ALL","2009","12.22"
"FRA","","ALL","2010","12.09"
"FRA","","ALL","2011","11.92"
"FRA","","ALL","2012","11.73"
"FRA","","ALL","2013","11.53"
"FRA","","ALL","2014","11.32"
"FRA","","ALL","2015","11.1"
"FRA","","ALL","2016","10.89"
"FRA","","ALL","2017","10.68"
"FRA","","ALL","2018","10.47"
"FRA","","ALL","2019","10.26"
"FRA","","ALL","2020","10.07"
"FRA","","ALL","2021","9.88"
"FRA","","ALL","2022","9.7"
"GBR","","ALL","1975","9.4"
"GBR","","ALL","1976","9.6"
"GBR","","ALL","1977","9.9"
"GBR","","ALL","1978","10.1"
"GBR","","ALL","1979","10.4"
"GBR","","ALL","1980","10.7"
"GBR","","ALL","1981","11"
"GBR","","ALL","1982","11.3"
"GBR","","ALL","1983","11.6"
"GBR","","ALL","1984","11.9"
"GBR","","ALL","1985","12.3"
"GBR","","ALL","1986","12.6"
"GBR","","ALL","1987","12.9"
"GBR","","ALL","1988","13.3"
"GBR","","ALL","1989","13.6"
"GBR","","ALL","1990","11.93"
"GBR","","ALL","1991","12.57"
"GBR","","ALL","1992","13.23"
"GBR","","ALL","1993","13.91"
"GBR","","ALL","1994","14.62"
"GBR","","ALL","1995","15.34"
"GBR","","ALL","1996","16.08"
"GBR","","ALL","1997","16.82"
"GBR","","ALL","1998","17.57"
"GBR","","ALL","1999","18.32"
"GBR","","ALL","2000","19.05"
"GBR","","ALL","2001","19.77"
"GBR","","ALL","2002","20.46"
"GBR","","ALL","2003","21.11"
"GBR","","ALL","2004","21.71"
"GBR","","ALL","2005","22.27"
"GBR","","ALL","2006","22.77"
"GBR","","ALL","2007","23.23"
"GBR","","ALL","2008","23.64"
"GBR","","ALL","2009","24"
"GBR","","ALL","2010","24.3"
"GBR","","ALL","2011","24.55"
"GBR","","ALL","2012","24.77"
"GBR","","ALL","2013","24.97"
"GBR","","ALL","2014","25.16"
"GBR","","ALL","2015","25.36"
"GBR","","ALL","2016","25.56"
"GBR","","ALL","2017","25.77"
"GBR","","ALL","2018","25.97"
"GBR","","ALL","2019","26.17"
"GBR","","ALL","2020","26.38"
"GBR","","ALL","2021","26.6"
"GBR","","ALL","2022","26.82"
"GEO","","ALL","1975","6.5"
"GEO","","ALL","1976","6.7"
"GEO","","ALL","1977","7"
"GEO","","ALL","1978","7.2"
"GEO","","ALL","1979","7.5"
"GEO","","ALL","1980","7.8"
"GEO","","ALL","1981","8"
"GEO","","ALL","1982","8.3"
"GEO","","ALL","1983","8.6"
"GEO","","ALL","1984","8.9"
"GEO","","ALL","1985","9.2"
"GEO","","ALL","1986","9.5"
"GEO","","ALL","1987","9.8"
"GEO","","ALL","1988","10.1"
"GEO","","ALL","1989","10.4"
"GEO","","ALL","1990","13.65"
"GEO","","ALL","1991","14.06"
"GEO","","ALL","1992","14.49"
"GEO","","ALL","1993","14.94"
"GEO","","ALL","1994","15.4"
"GEO","","ALL","1995","15.89"
"GEO","","ALL","1996","16.4"
"GEO","","ALL","1997","16.93"
"GEO","","ALL","1998","17.48"
"GEO","","ALL","1999","18.06"
"GEO","","ALL","2000","18.66"
"GEO","","ALL","2001","19.29"
"GEO","","ALL","2002","19.94"
"GEO","","ALL","2003","20.6"
"GEO","","ALL","2004","21.29"
"GEO","","ALL","2005","21.98"
"GEO","","ALL","2006","22.7"
"GEO","","ALL","2007","23.43"
"GEO","","ALL","2008","24.18"
"GEO","","ALL","2009","24.93"
"GEO","","ALL","2010","25.69"
"GEO","","ALL","2011","26.44"
"GEO","","ALL","2012","27.2"
"GEO","","ALL","2013","27.96"
"GEO","","ALL","2014","28.72"
"GEO","","ALL","2015","29.49"
"GEO","","ALL","2016","30.25"
"GEO","","ALL","2017","31"
"GEO","","ALL","2018","31.73"
"GEO","","ALL","2019","32.46"
"GEO","","ALL","2020","33.19"
"GEO","","ALL","2021","33.92"
"GEO","","ALL","2022","34.66"
"GRC","","ALL","1975","9.8"
"GRC","","ALL","1976","10.2"
"GRC","","ALL","1977","10.5"
"GRC","","ALL","1978","10.8"
"GRC","","ALL","1979","11.2"
"GRC","","ALL","1980","11.5"
"GRC","","ALL","1981","11.8"
"GRC","","ALL","1982","12.2"
"GRC","","ALL","1983","12.5"
"GRC","","ALL","1984","12.9"
"GRC","","ALL","1985","13.2"
"GRC","","ALL","1986","13.6"
"GRC","","ALL","1987","13.9"
"GRC","","ALL","1988","14.2"
"GRC","","ALL","1989","14.6"
"GRC","","ALL","1990","14.9"
"GRC","","ALL","1991","15.16"
"GRC","","ALL","1992","15.44"
"GRC","","ALL","1993","15.76"
"GRC","","ALL","1994","16.11"
"GRC","","ALL","1995","16.5"
"GRC","","ALL","1996","16.93"
"GRC","","ALL","1997","17.39"
"GRC","","ALL","1998","17.88"
"GRC","","ALL","1999","18.39"
"GRC","","ALL","2000","18.92"
"GRC","","ALL","2001","19.46"
"GRC","","ALL","2002","20"
"GRC","","ALL","2003","20.55"
"GRC","","ALL","2004","21.09"
"GRC","","ALL","2005","21.62"
"GRC","","ALL","2006","22.13"
"GRC","","ALL","2007","22.62"
"GRC","","ALL","2008","23.09"
"GRC","","ALL","2009","23.52"
"GRC","","ALL","2010","23.91"
"GRC","","ALL","2011","24.27"
"GRC","","ALL","2012","24.61"
"GRC","","ALL","2013","24.93"
"GRC","","ALL","2014","25.25"
"GRC","","ALL","2015","25.57"
"GRC","","ALL","2016","25.89"
"GRC","","ALL","2017","26.22"
"GRC","","ALL","2018","26.54"
"GRC","","ALL","2019","26.88"
"GRC","","ALL","2020","27.23"
"GRC","","ALL","2021","27.6"
"GRC","","ALL","2022","27.98"
"HRV","","ALL","1975","9.2"
"HRV","","ALL","1976","9.5"
"HRV","","ALL","1977","9.9"
"HRV","","ALL","1978","10.3"
"HRV","","ALL","1979","10.6"
"HRV","","ALL","1980","11"
"HRV","","ALL","1981","11.4"
"HRV","","ALL","1982","11.8"
"HRV","","ALL","1983","12.1"
"HRV","","ALL","1984","12.5"
"HRV","","ALL","1985","12.8"
"HRV","","ALL","1986","13.1"
"HRV","","ALL","1987","13.4"
"HRV","","ALL","1988","13.7"
"HRV","","ALL","1989","14"
"HRV","","ALL","1990","11.77"
"HRV","","ALL","1991","12"
"HRV","","ALL","1992","12.24"
"HRV","","ALL","1993","12.5"
"HRV","","ALL","1994","12.78"
"HRV","","ALL","1995","13.09"
"HRV","","ALL","1996","13.44"
"HRV","","ALL","1997","13.83"
"HRV","","ALL","1998","14.27"
"HRV","","ALL","1999","14.74"
"HRV","","ALL","2000","15.26"
"HRV","","ALL","2001","15.82"
"HRV","","ALL","2002","16.39"
"HRV","","ALL","2003","16.99"
"HRV","","ALL","2004","17.6"
"HRV","","ALL","2005","18.24"
"HRV","","ALL","2006","18.89"
"HRV","","ALL","2007","19.56"
"HRV","","ALL","2008","20.24"
"HRV","","ALL","2009","20.92"
"HRV","","ALL","2010","21.6"
"HRV","","ALL","2011","22.28"
"HRV","","ALL","2012","22.97"
"HRV","","ALL","2013","23.67"
"HRV","","ALL","2014","24.37"
"HRV","","ALL","2015","25.1"
"HRV","","ALL","2016","25.84"
"HRV","","ALL","2017","26.6"
"HRV","","ALL","2018","27.37"
"HRV","","ALL","2019","28.15"
"HRV","","ALL","2020","28.95"
"HRV","","ALL","2021","29.78"
"HRV","","ALL","2022","30.62"
"HUN","","ALL","1975","12.6"
"HUN","","ALL","1976","12.9"
"HUN","","ALL","1977","13.2"
"HUN","","ALL","1978","13.5"
"HUN","","ALL","1979","13.8"
"HUN","","ALL","1980","14.1"
"HUN","","ALL","1981","14.4"
"HUN","","ALL","1982","14.6"
"HUN","","ALL","1983","14.9"
"HUN","","ALL","1984","15.2"
"HUN","","ALL","1985","15.5"
"HUN","","ALL","1986","15.8"
"HUN","","ALL","1987","16.1"
"HUN","","ALL","1988","16.3"
"HUN","","ALL","1989","16.6"
"HUN","","ALL","1990","13.32"
"HUN","","ALL","1991","13.7"
"HUN","","ALL","1992","14.08"
"HUN","","ALL","1993","14.48"
"HUN","","ALL","1994","14.9"
"HUN","","ALL","1995","15.34"
"HUN","","ALL","1996","15.81"
"HUN","","ALL","1997","16.3"
"HUN","","ALL","1998","16.83"
"HUN","","ALL","1999","17.39"
"HUN","","ALL","2000","17.97"
"HUN","","ALL","2001","18.56"
"HUN","","ALL","2002","19.17"
"HUN","","ALL","2003","19.77"
"HUN","","ALL","2004","20.38"
"HUN","","ALL","2005","20.98"
"HUN","","ALL","2006","21.6"
"HUN","","ALL","2007","22.21"
"HUN","","ALL","2008","22.82"
"HUN","","ALL","2009","23.42"
"HUN","","ALL","2010","24.02"
"HUN","","ALL","2011","24.61"
"HUN","","ALL","2012","25.19"
"HUN","","ALL","2013","25.78"
"HUN","","ALL","2014","26.39"
"HUN","","ALL","2015","27.01"
"HUN","","ALL","2016","27.65"
"HUN","","ALL","2017","28.3"
"HUN","","ALL","2018","28.96"
"HUN","","ALL","2019","29.63"
"HUN","","ALL","2020","30.31"
"HUN","","ALL","2021","31"
"HUN","","ALL","2022","31.7"
"IRL","","ALL","1975","6.4"
"IRL","","ALL","1976","6.6"
"IRL","","ALL","1977","6.9"
"IRL","","ALL","1978","7.2"
"IRL","","ALL","1979","7.5"
"IRL","","ALL","1980","7.8"
"IRL","","ALL","1981","8.1"
"IRL","","ALL","1982","8.4"
"IRL","","ALL","1983","8.7"
"IRL","","ALL","1984","9.1"
"IRL","","ALL","1985","9.4"
"IRL","","ALL","1986","9.8"
"IRL","","ALL","1987","10.1"
"IRL","","ALL","1988","10.5"
"IRL","","ALL","1989","10.9"
"IRL","","ALL","1990","13.17"
"IRL","","ALL","1991","13.7"
"IRL","","ALL","1992","14.26"
"IRL","","ALL","1993","14.83"
"IRL","","ALL","1994","15.42"
"IRL","","ALL","1995","16.03"
"IRL","","ALL","1996","16.65"
"IRL","","ALL","1997","17.29"
"IRL","","ALL","1998","17.93"
"IRL","","ALL","1999","18.57"
"IRL","","ALL","2000","19.22"
"IRL","","ALL","2001","19.85"
"IRL","","ALL","2002","20.47"
"IRL","","ALL","2003","21.06"
"IRL","","ALL","2004","21.63"
"IRL","","ALL","2005","22.17"
"IRL","","ALL","2006","22.68"
"IRL","","ALL","2007","23.16"
"IRL","","ALL","2008","23.61"
"IRL","","ALL","2009","24.02"
"IRL","","ALL","2010","24.39"
"IRL","","ALL","2011","24.73"
"IRL","","ALL","2012","25.05"
"IRL","","ALL","2013","25.35"
"IRL","","ALL","2014","25.66"
"IRL","","ALL","2015","25.98"
"IRL","","ALL","2016","26.3"
"IRL","","ALL","2017","26.63"
"IRL","","ALL","2018","26.96"
"IRL","","ALL","2019","27.3"
"IRL","","ALL","2020","27.64"
"IRL","","ALL","2021","27.99"
"IRL","","ALL","2022","28.35"
"ISL","","ALL","1975","8.4"
"ISL","","ALL","1976","8.7"
"ISL","","ALL","1977","8.9"
"ISL","","ALL","1978","9.1"
"ISL","","ALL","1979","9.4"
"ISL","","ALL","1980","9.7"
"ISL","","ALL","1981","9.9"
"ISL","","ALL","1982","10.2"
"ISL","","ALL","1983","10.5"
"ISL","","ALL","1984","10.7"
"ISL","","ALL","1985","11"
"ISL","","ALL","1986","11.3"
"ISL","","ALL","1987","11.6"
"ISL","","ALL","1988","12"
"ISL","","ALL","1989","12.3"
"ISL","","ALL","1990","9.92"
"ISL","","ALL","1991","10.3"
"ISL","","ALL","1992","10.7"
"ISL","","ALL","1993","11.11"
"ISL","","ALL","1994","11.54"
"ISL","","ALL","1995","11.99"
"ISL","","ALL","1996","12.45"
"ISL","","ALL","1997","12.92"
"ISL","","ALL","1998","13.4"
"ISL","","ALL","1999","13.88"
"ISL","","ALL","2000","14.37"
"ISL","","ALL","2001","14.85"
"ISL","","ALL","2002","15.32"
"ISL","","ALL","2003","15.78"
"ISL","","ALL","2004","16.22"
"ISL","","ALL","2005","16.64"
"ISL","","ALL","2006","17.04"
"ISL","","ALL","2007","17.42"
"ISL","","ALL","2008","17.75"
"ISL","","ALL","2009","18.04"
"ISL","","ALL","2010","18.3"
"ISL","","ALL","2011","18.53"
"ISL","","ALL","2012","18.74"
"ISL","","ALL","2013","18.94"
"ISL","","ALL","2014","19.15"
"ISL","","ALL","2015","19.38"
"ISL","","ALL","2016","19.62"
"ISL","","ALL","2017","19.87"
"ISL","","ALL","2018","20.13"
"ISL","","ALL","2019","20.39"
"ISL","","ALL","2020","20.66"
"ISL","","ALL","2021","20.94"
"ISL","","ALL","2022","21.23"
"ISR","","ALL","1975","12.9"
"ISR","","ALL","1976","13.3"
"ISR","","ALL","1977","13.6"
"ISR","","ALL","1978","13.9"
"ISR","","ALL","1979","14.2"
"ISR","","ALL","1980","14.6"
"ISR","","ALL","1981","14.9"
"ISR","","ALL","1982","15.2"
"ISR","","ALL","1983","15.5"
"ISR","","ALL","1984","15.9"
"ISR","","ALL","1985","16.2"
"ISR","","ALL","1986","16.5"
"ISR","","ALL","1987","16.8"
"ISR","","ALL","1988","17.1"
"ISR","","ALL","1989","17.5"
"ISR","","ALL","1990","14.73"
"ISR","","ALL","1991","15.01"
"ISR","","ALL","1992","15.3"
"ISR","","ALL","1993","15.63"
"ISR","","ALL","1994","15.98"
"ISR","","ALL","1995","16.37"
"ISR","","ALL","1996","16.78"
"ISR","","ALL","1997","17.21"
"ISR","","ALL","1998","17.67"
"ISR","","ALL","1999","18.12"
"ISR","","ALL","2000","18.59"
"ISR","","ALL","2001","19.04"
"ISR","","ALL","2002","19.48"
"ISR","","ALL","2003","19.9"
"ISR","","ALL","2004","20.29"
"ISR","","ALL","2005","20.65"
"ISR","","ALL","2006","20.97"
"ISR","","ALL","2007","21.25"
"ISR","","ALL","2008","21.47"
"ISR","","ALL","2009","21.65"
"ISR","","ALL","2010","21.78"
"ISR","","ALL","2011","21.88"
"ISR","","ALL","2012","21.93"
"ISR","","ALL","2013","21.97"
"ISR","","ALL","2014","22"
"ISR","","ALL","2015","22.04"
"ISR","","ALL","2016","22.08"
"ISR","","ALL","2017","22.13"
"ISR","","ALL","2018","22.19"
"ISR","","ALL","2019","22.24"
"ISR","","ALL","2020","22.31"
"ISR","","ALL","2021","22.4"
"ISR","","ALL","2022","22.49"
"ITA","","ALL","1975","8.4"
"ITA","","ALL","1976","8.6"
"ITA","","ALL","1977","8.9"
"ITA","","ALL","1978","9.1"
"ITA","","ALL","1979","9.3"
"ITA","","ALL","1980","9.6"
"ITA","","ALL","1981","9.8"
"ITA","","ALL","1982","10.1"
"ITA","","ALL","1983","10.3"
"ITA","","ALL","1984","10.6"
"ITA","","ALL","1985","10.8"
"ITA","","ALL","1986","11.1"
"ITA","","ALL","1987","11.3"
"ITA","","ALL","1988","11.6"
"ITA","","ALL","1989","11.9"
"ITA","","ALL","1990","12.31"
"ITA","","ALL","1991","12.28"
"ITA","","ALL","1992","12.29"
"ITA","","ALL","1993","12.33"
"ITA","","ALL","1994","12.41"
"ITA","","ALL","1995","12.53"
"ITA","","ALL","1996","12.69"
"ITA","","ALL","1997","12.87"
"ITA","","ALL","1998","13.09"
"ITA","","ALL","1999","13.32"
"ITA","","ALL","2000","13.57"
"ITA","","ALL","2001","13.82"
"ITA","","ALL","2002","14.08"
"ITA","","ALL","2003","14.34"
"ITA","","ALL","2004","14.59"
"ITA","","ALL","2005","14.84"
"ITA","","ALL","2006","15.08"
"ITA","","ALL","2007","15.3"
"ITA","","ALL","2008","15.51"
"ITA","","ALL","2009","15.7"
"ITA","","ALL","2010","15.85"
"ITA","","ALL","2011","15.97"
"ITA","","ALL","2012","16.08"
"ITA","","ALL","2013","16.18"
"ITA","","ALL","2014","16.27"
"ITA","","ALL","2015","16.38"
"ITA","","ALL","2016","16.49"
"ITA","","ALL","2017","16.61"
"ITA","","ALL","2018","16.73"
"ITA","","ALL","2019","16.86"
"ITA","","ALL","2020","17"
"ITA","","ALL","2021","17.14"
"ITA","","ALL","2022","17.29"
"KAZ","","ALL","1975","6.7"
"KAZ","","ALL","1976","6.9"
"KAZ","","ALL","1977","7.2"
"KAZ","","ALL","1978","7.4"
"KAZ","","ALL","1979","7.7"
"KAZ","","ALL","1980","7.9"
"KAZ","","ALL","1981","8.2"
"KAZ","","ALL","1982","8.5"
"KAZ","","ALL","1983","8.7"
"KAZ","","ALL","1984","9"
"KAZ","","ALL","1985","9.3"
"KAZ","","ALL","1986","9.6"
"KAZ","","ALL","1987","9.9"
"KAZ","","ALL","1988","10.2"
"KAZ","","ALL","1989","10.5"
"KAZ","","ALL","1990","11.88"
"KAZ","","ALL","1991","12.06"
"KAZ","","ALL","1992","12.25"
"KAZ","","ALL","1993","12.44"
"KAZ","","ALL","1994","12.63"
"KAZ","","ALL","1995","12.83"
"KAZ","","ALL","1996","13.02"
"KAZ","","ALL","1997","13.21"
"KAZ","","ALL","1998","13.4"
"KAZ","","ALL","1999","13.59"
"KAZ","","ALL","2000","13.78"
"KAZ","","ALL","2001","13.96"
"KAZ","","ALL","2002","14.14"
"KAZ","","ALL","2003","14.33"
"KAZ","","ALL","2004","14.52"
"KAZ","","ALL","2005","14.7"
"KAZ","","ALL","2006","14.89"
"KAZ","","ALL","2007","15.08"
"KAZ","","ALL","2008","15.28"
"KAZ","","ALL","2009","15.47"
"KAZ","","ALL","2010","15.67"
"KAZ","","ALL","2011","15.87"
"KAZ","","ALL","2012","16.08"
"KAZ","","ALL","2013","16.3"
"KAZ","","ALL","2014","16.52"
"KAZ","","ALL","2015","16.75"
"KAZ","","ALL","2016","16.98"
"KAZ","","ALL","2017","17.2"
"KAZ","","ALL","2018","17.42"
"KAZ","","ALL","2019","17.64"
"KAZ","","ALL","2020","17.87"
"KAZ","","ALL","2021","18.12"
"KAZ","","ALL","2022","18.38"
"KGZ","","ALL","1975","4.5"
"KGZ","","ALL","1976","4.7"
"KGZ","","ALL","1977","4.8"
"KGZ","","ALL","1978","5"
"KGZ","","ALL","1979","5.2"
"KGZ","","ALL","1980","5.3"
"KGZ","","ALL","1981","5.5"
"KGZ","","ALL","1982","5.7"
"KGZ","","ALL","1983","5.9"
"KGZ","","ALL","1984","6"
"KGZ","","ALL","1985","6.2"
"KGZ","","ALL","1986","6.4"
"KGZ","","ALL","1987","6.6"
"KGZ","","ALL","1988","6.8"
"KGZ","","ALL","1989","7"
"KGZ","","ALL","1990","8.98"
"KGZ","","ALL","1991","9.25"
"KGZ","","ALL","1992","9.54"
"KGZ","","ALL","1993","9.85"
"KGZ","","ALL","1994","10.18"
"KGZ","","ALL","1995","10.54"
"KGZ","","ALL","1996","10.93"
"KGZ","","ALL","1997","11.34"
"KGZ","","ALL","1998","11.78"
"KGZ","","ALL","1999","12.24"
"KGZ","","ALL","2000","12.73"
"KGZ","","ALL","2001","13.24"
"KGZ","","ALL","2002","13.78"
"KGZ","","ALL","2003","14.34"
"KGZ","","ALL","2004","14.92"
"KGZ","","ALL","2005","15.52"
"KGZ","","ALL","2006","16.14"
"KGZ","","ALL","2007","16.77"
"KGZ","","ALL","2008","17.42"
"KGZ","","ALL","2009","18.09"
"KGZ","","ALL","2010","18.75"
"KGZ","","ALL","2011","19.41"
"KGZ","","ALL","2012","20.08"
"KGZ","","ALL","2013","20.75"
"KGZ","","ALL","2014","21.42"
"KGZ","","ALL","2015","22.09"
"KGZ","","ALL","2016","22.75"
"KGZ","","ALL","2017","23.4"
"KGZ","","ALL","2018","24.04"
"KGZ","","ALL","2019","24.68"
"KGZ","","ALL","2020","25.31"
"KGZ","","ALL","2021","25.95"
"KGZ","","ALL","2022","26.6"
"LTU","","ALL","1975","12.9"
"LTU","","ALL","1976","13.4"
"LTU","","ALL","1977","13.8"
"LTU","","ALL","1978","14.2"
"LTU","","ALL","1979","14.7"
"LTU","","ALL","1980","15.1"
"LTU","","ALL","1981","15.6"
"LTU","","ALL","1982","16"
"LTU","","ALL","1983","16.4"
"LTU","","ALL","1984","16.9"
"LTU","","ALL","1985","17.3"
"LTU","","ALL","1986","17.6"
"LTU","","ALL","1987","18"
"LTU","","ALL","1988","18.4"
"LTU","","ALL","1989","18.7"
"LTU","","ALL","1990","20.18"
"LTU","","ALL","1991","20.02"
"LTU","","ALL","1992","19.88"
"LTU","","ALL","1993","19.77"
"LTU","","ALL","1994","19.7"
"LTU","","ALL","1995","19.67"
"LTU","","ALL","1996","19.67"
"LTU","","ALL","1997","19.72"
"LTU","","ALL","1998","19.8"
"LTU","","ALL","1999","19.93"
"LTU","","ALL","2000","20.09"
"LTU","","ALL","2001","20.28"
"LTU","","ALL","2002","20.49"
"LTU","","ALL","2003","20.73"
"LTU","","ALL","2004","20.99"
"LTU","","ALL","2005","21.25"
"LTU","","ALL","2006","21.52"
"LTU","","ALL","2007","21.79"
"LTU","","ALL","2008","22.05"
"LTU","","ALL","2009","22.3"
"LTU","","ALL","2010","22.54"
"LTU","","ALL","2011","22.78"
"LTU","","ALL","2012","23"
"LTU","","ALL","2013","23.22"
"LTU","","ALL","2014","23.44"
"LTU","","ALL","2015","23.67"
"LTU","","ALL","2016","23.9"
"LTU","","ALL","2017","24.13"
"LTU","","ALL","2018","24.36"
"LTU","","ALL","2019","24.6"
"LTU","","ALL","2020","24.84"
"LTU","","ALL","2021","25.09"
"LTU","","ALL","2022","25.36"
"LUX","","ALL","1975","7.9"
"LUX","","ALL","1976","8.1"
"LUX","","ALL","1977","8.4"
"LUX","","ALL","1978","8.7"
"LUX","","ALL","1979","9"
"LUX","","ALL","1980","9.3"
"LUX","","ALL","1981","9.6"
"LUX","","ALL","1982","9.9"
"LUX","","ALL","1983","10.2"
"LUX","","ALL","1984","10.5"
"LUX","","ALL","1985","10.8"
"LUX","","ALL","1986","11"
"LUX","","ALL","1987","11.3"
"LUX","","ALL","1988","11.6"
"LUX","","ALL","1989","11.9"
"LUX","","ALL","1990","12.59"
"LUX","","ALL","1991","12.88"
"LUX","","ALL","1992","13.19"
"LUX","","ALL","1993","13.5"
"LUX","","ALL","1994","13.83"
"LUX","","ALL","1995","14.18"
"LUX","","ALL","1996","14.54"
"LUX","","ALL","1997","14.9"
"LUX","","ALL","1998","15.27"
"LUX","","ALL","1999","15.64"
"LUX","","ALL","2000","16"
"LUX","","ALL","2001","16.35"
"LUX","","ALL","2002","16.68"
"LUX","","ALL","2003","16.99"
"LUX","","ALL","2004","17.27"
"LUX","","ALL","2005","17.52"
"LUX","","ALL","2006","17.74"
"LUX","","ALL","2007","17.91"
"LUX","","ALL","2008","18.05"
"LUX","","ALL","2009","18.14"
"LUX","","ALL","2010","18.2"
"LUX","","ALL","2011","18.22"
"LUX","","ALL","2012","18.22"
"LUX","","ALL","2013","18.2"
"LUX","","ALL","2014","18.19"
"LUX","","ALL","2015","18.19"
"LUX","","ALL","2016","18.2"
"LUX","","ALL","2017","18.22"
"LUX","","ALL","2018","18.25"
"LUX","","ALL","2019","18.28"
"LUX","","ALL","2020","18.32"
"LUX","","ALL","2021","18.37"
"LUX","","ALL","2022","18.43"
"LVA","","ALL","1975","13.4"
"LVA","","ALL","1976","13.7"
"LVA","","ALL","1977","14"
"LVA","","ALL","1978","14.3"
"LVA","","ALL","1979","14.5"
"LVA","","ALL","1980","14.8"
"LVA","","ALL","1981","15.1"
"LVA","","ALL","1982","15.4"
"LVA","","ALL","1983","15.7"
"LVA","","ALL","1984","15.9"
"LVA","","ALL","1985","16.2"
"LVA","","ALL","1986","16.4"
"LVA","","ALL","1987","16.6"
"LVA","","ALL","1988","16.8"
"LVA","","ALL","1989","17.1"
"LVA","","ALL","1990","15.18"
"LVA","","ALL","1991","15.28"
"LVA","","ALL","1992","15.41"
"LVA","","ALL","1993","15.56"
"LVA","","ALL","1994","15.75"
"LVA","","ALL","1995","15.97"
"LVA","","ALL","1996","16.21"
"LVA","","ALL","1997","16.48"
"LVA","","ALL","1998","16.79"
"LVA","","ALL","1999","17.12"
"LVA","","ALL","2000","17.48"
"LVA","","ALL","2001","17.86"
"LVA","","ALL","2002","18.24"
"LVA","","ALL","2003","18.64"
"LVA","","ALL","2004","19.03"
"LVA","","ALL","2005","19.41"
"LVA","","ALL","2006","19.79"
"LVA","","ALL","2007","20.15"
"LVA","","ALL","2008","20.5"
"LVA","","ALL","2009","20.82"
"LVA","","ALL","2010","21.13"
"LVA","","ALL","2011","21.41"
"LVA","","ALL","2012","21.69"
"LVA","","ALL","2013","21.95"
"LVA","","ALL","2014","22.2"
"LVA","","ALL","2015","22.46"
"LVA","","ALL","2016","22.72"
"LVA","","ALL","2017","22.97"
"LVA","","ALL","2018","23.22"
"LVA","","ALL","2019","23.47"
"LVA","","ALL","2020","23.73"
"LVA","","ALL","2021","24"
"LVA","","ALL","2022","24.27"
"MDA","","ALL","1975","7.5"
"MDA","","ALL","1976","7.8"
"MDA","","ALL","1977","8.1"
"MDA","","ALL","1978","8.3"
"MDA","","ALL","1979","8.6"
"MDA","","ALL","1980","8.9"
"MDA","","ALL","1981","9.2"
"MDA","","ALL","1982","9.5"
"MDA","","ALL","1983","9.8"
"MDA","","ALL","1984","10.1"
"MDA","","ALL","1985","10.4"
"MDA","","ALL","1986","10.7"
"MDA","","ALL","1987","11"
"MDA","","ALL","1988","11.3"
"MDA","","ALL","1989","11.6"
"MDA","","ALL","1990","18.2"
"MDA","","ALL","1991","18.31"
"MDA","","ALL","1992","18.44"
"MDA","","ALL","1993","18.58"
"MDA","","ALL","1994","18.75"
"MDA","","ALL","1995","18.95"
"MDA","","ALL","1996","19.17"
"MDA","","ALL","1997","19.42"
"MDA","","ALL","1998","19.68"
"MDA","","ALL","1999","19.97"
"MDA","","ALL","2000","20.28"
"MDA","","ALL","2001","20.59"
"MDA","","ALL","2002","20.91"
"MDA","","ALL","2003","21.21"
"MDA","","ALL","2004","21.51"
"MDA","","ALL","2005","21.79"
"MDA","","ALL","2006","22.04"
"MDA","","ALL","2007","22.26"
"MDA","","ALL","2008","22.45"
"MDA","","ALL","2009","22.61"
"MDA","","ALL","2010","22.74"
"MDA","","ALL","2011","22.84"
"MDA","","ALL","2012","22.92"
"MDA","","ALL","2013","22.96"
"MDA","","ALL","2014","22.99"
"MDA","","ALL","2015","23.02"
"MDA","","ALL","2016","23.03"
"MDA","","ALL","2017","23.03"
"MDA","","ALL","2018","23.02"
"MDA","","ALL","2019","23"
"MDA","","ALL","2020","22.99"
"MDA","","ALL","2021","22.98"
"MDA","","ALL","2022","22.97"
"MKD","","ALL","1975","9.2"
"MKD","","ALL","1976","9.6"
"MKD","","ALL","1977","9.9"
"MKD","","ALL","1978","10.2"
"MKD","","ALL","1979","10.5"
"MKD","","ALL","1980","10.8"
"MKD","","ALL","1981","11.1"
"MKD","","ALL","1982","11.4"
"MKD","","ALL","1983","11.7"
"MKD","","ALL","1984","12"
"MKD","","ALL","1985","12.3"
"MKD","","ALL","1986","12.7"
"MKD","","ALL","1987","13"
"MKD","","ALL","1988","13.3"
"MKD","","ALL","1989","13.6"
"MKD","","ALL","1990","14.29"
"MKD","","ALL","1991","14.47"
"MKD","","ALL","1992","14.66"
"MKD","","ALL","1993","14.87"
"MKD","","ALL","1994","15.1"
"MKD","","ALL","1995","15.34"
"MKD","","ALL","1996","15.6"
"MKD","","ALL","1997","15.9"
"MKD","","ALL","1998","16.23"
"MKD","","ALL","1999","16.59"
"MKD","","ALL","2000","16.99"
"MKD","","ALL","2001","17.4"
"MKD","","ALL","2002","17.81"
"MKD","","ALL","2003","18.22"
"MKD","","ALL","2004","18.64"
"MKD","","ALL","2005","19.07"
"MKD","","ALL","2006","19.5"
"MKD","","ALL","2007","19.94"
"MKD","","ALL","2008","20.39"
"MKD","","ALL","2009","20.83"
"MKD","","ALL","2010","21.28"
"MKD","","ALL","2011","21.74"
"MKD","","ALL","2012","22.2"
"MKD","","ALL","2013","22.66"
"MKD","","ALL","2014","23.14"
"MKD","","ALL","2015","23.64"
"MKD","","ALL","2016","24.16"
"MKD","","ALL","2017","24.69"
"MKD","","ALL","2018","25.23"
"MKD","","ALL","2019","25.78"
"MKD","","ALL","2020","26.34"
"MKD","","ALL","2021","26.93"
"MKD","","ALL","2022","27.54"
"MLT","","ALL","1975","15.6"
"MLT","","ALL","1976","15.9"
"MLT","","ALL","1977","16.1"
"MLT","","ALL","1978","16.3"
"MLT","","ALL","1979","16.6"
"MLT","","ALL","1980","16.8"
"MLT","","ALL","1981","17.1"
"MLT","","ALL","1982","17.3"
"MLT","","ALL","1983","17.6"
"MLT","","ALL","1984","17.8"
"MLT","","ALL","1985","18.1"
"MLT","","ALL","1986","18.4"
"MLT","","ALL","1987","18.7"
"MLT","","ALL","1988","19"
"MLT","","ALL","1989","19.3"
"MLT","","ALL","1990","22.79"
"MLT","","ALL","1991","22.99"
"MLT","","ALL","1992","23.21"
"MLT","","ALL","1993","23.46"
"MLT","","ALL","1994","23.76"
"MLT","","ALL","1995","24.1"
"MLT","","ALL","1996","24.49"
"MLT","","ALL","1997","24.91"
"MLT","","ALL","1998","25.35"
"MLT","","ALL","1999","25.8"
"MLT","","ALL","2000","26.26"
"MLT","","ALL","2001","26.72"
"MLT","","ALL","2002","27.17"
"MLT","","ALL","2003","27.61"
"MLT","","ALL","2004","28.03"
"MLT","","ALL","2005","28.42"
"MLT","","ALL","2006","28.8"
"MLT","","ALL","2007","29.14"
"MLT","","ALL","2008","29.45"
"MLT","","ALL","2009","29.71"
"MLT","","ALL","2010","29.94"
"MLT","","ALL","2011","30.14"
"MLT","","ALL","2012","30.31"
"MLT","","ALL","2013","30.47"
"MLT","","ALL","2014","30.63"
"MLT","","ALL","2015","30.79"
"MLT","","ALL","2016","30.97"
"MLT","","ALL","2017","31.17"
"MLT","","ALL","2018","31.37"
"MLT","","ALL","2019","31.57"
"MLT","","ALL","2020","31.8"
"MLT","","ALL","2021","32.04"
"MLT","","ALL","2022","32.29"
"MNE","","ALL","1975","6.1"
"MNE","","ALL","1976","6.4"
"MNE","","ALL","1977","6.6"
"MNE","","ALL","1978","6.9"
"MNE","","ALL","1979","7.2"
"MNE","","ALL","1980","7.5"
"MNE","","ALL","1981","7.9"
"MNE","","ALL","1982","8.2"
"MNE","","ALL","1983","8.6"
"MNE","","ALL","1984","8.9"
"MNE","","ALL","1985","9.3"
"MNE","","ALL","1986","9.7"
"MNE","","ALL","1987","10.1"
"MNE","","ALL","1988","10.6"
"MNE","","ALL","1989","11"
"MNE","","ALL","1990","9.4"
"MNE","","ALL","1991","9.56"
"MNE","","ALL","1992","9.71"
"MNE","","ALL","1993","9.88"
"MNE","","ALL","1994","10.05"
"MNE","","ALL","1995","10.23"
"MNE","","ALL","1996","10.43"
"MNE","","ALL","1997","10.65"
"MNE","","ALL","1998","10.89"
"MNE","","ALL","1999","11.14"
"MNE","","ALL","2000","11.41"
"MNE","","ALL","2001","11.68"
"MNE","","ALL","2002","11.96"
"MNE","","ALL","2003","12.24"
"MNE","","ALL","2004","12.52"
"MNE","","ALL","2005","12.81"
"MNE","","ALL","2006","13.09"
"MNE","","ALL","2007","13.38"
"MNE","","ALL","2008","13.67"
"MNE","","ALL","2009","13.95"
"MNE","","ALL","2010","14.23"
"MNE","","ALL","2011","14.51"
"MNE","","ALL","2012","14.78"
"MNE","","ALL","2013","15.06"
"MNE","","ALL","2014","15.35"
"MNE","","ALL","2015","15.64"
"MNE","","ALL","2016","15.95"
"MNE","","ALL","2017","16.26"
"MNE","","ALL","2018","16.58"
"MNE","","ALL","2019","16.91"
"MNE","","ALL","2020","17.26"
"MNE","","ALL","2021","17.62"
"MNE","","ALL","2022","18"
"NLD","","ALL","1975","5.5"
"NLD","","ALL","1976","5.7"
"NLD","","ALL","1977","5.8"
"NLD","","ALL","1978","6"
"NLD","","ALL","1979","6.2"
"NLD","","ALL","1980","6.5"
"NLD","","ALL","1981","6.7"
"NLD","","ALL","1982","6.9"
"NLD","","ALL","1983","7.2"
"NLD","","ALL","1984","7.4"
"NLD","","ALL","1985","7.7"
"NLD","","ALL","1986","7.9"
"NLD","","ALL","1987","8.2"
"NLD","","ALL","1988","8.5"
"NLD","","ALL","1989","8.8"
"NLD","","ALL","1990","8.16"
"NLD","","ALL","1991","8.41"
"NLD","","ALL","1992","8.67"
"NLD","","ALL","1993","8.94"
"NLD","","ALL","1994","9.24"
"NLD","","ALL","1995","9.55"
"NLD","","ALL","1996","9.88"
"NLD","","ALL","1997","10.22"
"NLD","","ALL","1998","10.57"
"NLD","","ALL","1999","10.93"
"NLD","","ALL","2000","11.28"
"NLD","","ALL","2001","11.62"
"NLD","","ALL","2002","11.95"
"NLD","","ALL","2003","12.26"
"NLD","","ALL","2004","12.55"
"NLD","","ALL","2005","12.81"
"NLD","","ALL","2006","13.05"
"NLD","","ALL","2007","13.25"
"NLD","","ALL","2008","13.42"
"NLD","","ALL","2009","13.55"
"NLD","","ALL","2010","13.65"
"NLD","","ALL","2011","13.73"
"NLD","","ALL","2012","13.79"
"NLD","","ALL","2013","13.84"
"NLD","","ALL","2014","13.89"
"NLD","","ALL","2015","13.95"
"NLD","","ALL","2016","14.02"
"NLD","","ALL","2017","14.09"
"NLD","","ALL","2018","14.17"
"NLD","","ALL","2019","14.25"
"NLD","","ALL","2020","14.34"
"NLD","","ALL","2021","14.44"
"NLD","","ALL","2022","14.54"
"NOR","","ALL","1975","7.4"
"NOR","","ALL","1976","7.7"
"NOR","","ALL","1977","8"
"NOR","","ALL","1978","8.3"
"NOR","","ALL","1979","8.6"
"NOR","","ALL","1980","8.9"
"NOR","","ALL","1981","9.2"
"NOR","","ALL","1982","9.5"
"NOR","","ALL","1983","9.8"
"NOR","","ALL","1984","10.1"
"NOR","","ALL","1985","10.4"
"NOR","","ALL","1986","10.7"
"NOR","","ALL","1987","11"
"NOR","","ALL","1988","11.3"
"NOR","","ALL","1989","11.6"
"NOR","","ALL","1990","8.09"
"NOR","","ALL","1991","8.37"
"NOR","","ALL","1992","8.67"
"NOR","","ALL","1993","8.99"
"NOR","","ALL","1994","9.34"
"NOR","","ALL","1995","9.72"
"NOR","","ALL","1996","10.12"
"NOR","","ALL","1997","10.54"
"NOR","","ALL","1998","10.98"
"NOR","","ALL","1999","11.44"
"NOR","","ALL","2000","11.91"
"NOR","","ALL","2001","12.38"
"NOR","","ALL","2002","12.85"
"NOR","","ALL","2003","13.32"
"NOR","","ALL","2004","13.78"
"NOR","","ALL","2005","14.21"
"NOR","","ALL","2006","14.63"
"NOR","","ALL","2007","15.03"
"NOR","","ALL","2008","15.39"
"NOR","","ALL","2009","15.72"
"NOR","","ALL","2010","16.01"
"NOR","","ALL","2011","16.27"
"NOR","","ALL","2012","16.52"
"NOR","","ALL","2013","16.75"
"NOR","","ALL","2014","16.99"
"NOR","","ALL","2015","17.23"
"NOR","","ALL","2016","17.48"
"NOR","","ALL","2017","17.74"
"NOR","","ALL","2018","18.01"
"NOR","","ALL","2019","18.27"
"NOR","","ALL","2020","18.55"
"NOR","","ALL","2021","18.84"
"NOR","","ALL","2022","19.15"
"","NORDIC","ALL","1975","7.44"
"","NORDIC","ALL","1976","7.72"
"","NORDIC","ALL","1977","7.96"
"","NORDIC","ALL","1978","8.22"
"","NORDIC","ALL","1979","8.48"
"","NORDIC","ALL","1980","8.75"
"","NORDIC","ALL","1981","8.99"
"","NORDIC","ALL","1982","9.27"
"","NORDIC","ALL","1983","9.57"
"","NORDIC","ALL","1984","9.83"
"","NORDIC","ALL","1985","10.1"
"","NORDIC","ALL","1986","10.38"
"","NORDIC","ALL","1987","10.7"
"","NORDIC","ALL","1988","10.97"
"","NORDIC","ALL","1989","11.31"
"","NORDIC","ALL","1990","9.45"
"","NORDIC","ALL","1991","9.7"
"","NORDIC","ALL","1992","9.98"
"","NORDIC","ALL","1993","10.26"
"","NORDIC","ALL","1994","10.57"
"","NORDIC","ALL","1995","10.89"
"","NORDIC","ALL","1996","11.23"
"","NORDIC","ALL","1997","11.58"
"","NORDIC","ALL","1998","11.94"
"","NORDIC","ALL","1999","12.3"
"","NORDIC","ALL","2000","12.67"
"","NORDIC","ALL","2001","13.02"
"","NORDIC","ALL","2002","13.37"
"","NORDIC","ALL","2003","13.7"
"","NORDIC","ALL","2004","14.01"
"","NORDIC","ALL","2005","14.3"
"","NORDIC","ALL","2006","14.57"
"","NORDIC","ALL","2007","14.81"
"","NORDIC","ALL","2008","15.03"
"","NORDIC","ALL","2009","15.2"
"","NORDIC","ALL","2010","15.35"
"","NORDIC","ALL","2011","15.47"
"","NORDIC","ALL","2012","15.58"
"","NORDIC","ALL","2013","15.69"
"","NORDIC","ALL","2014","15.79"
"","NORDIC","ALL","2015","15.91"
"","NORDIC","ALL","2016","16.04"
"","NORDIC","ALL","2017","16.17"
"","NORDIC","ALL","2018","16.3"
"","NORDIC","ALL","2019","16.44"
"","NORDIC","ALL","2020","16.6"
"","NORDIC","ALL","2021","16.76"
"","NORDIC","ALL","2022","16.94"
"POL","","ALL","1975","10.7"
"POL","","ALL","1976","10.9"
"POL","","ALL","1977","11.2"
"POL","","ALL","1978","11.5"
"POL","","ALL","1979","11.8"
"POL","","ALL","1980","12.1"
"POL","","ALL","1981","12.4"
"POL","","ALL","1982","12.6"
"POL","","ALL","1983","12.9"
"POL","","ALL","1984","13.2"
"POL","","ALL","1985","13.5"
"POL","","ALL","1986","13.8"
"POL","","ALL","1987","14"
"POL","","ALL","1988","14.3"
"POL","","ALL","1989","14.6"
"POL","","ALL","1990","13.94"
"POL","","ALL","1991","14.11"
"POL","","ALL","1992","14.29"
"POL","","ALL","1993","14.49"
"POL","","ALL","1994","14.7"
"POL","","ALL","1995","14.95"
"POL","","ALL","1996","15.21"
"POL","","ALL","1997","15.52"
"POL","","ALL","1998","15.85"
"POL","","ALL","1999","16.22"
"POL","","ALL","2000","16.63"
"POL","","ALL","2001","17.06"
"POL","","ALL","2002","17.5"
"POL","","ALL","2003","17.96"
"POL","","ALL","2004","18.43"
"POL","","ALL","2005","18.9"
"POL","","ALL","2006","19.37"
"POL","","ALL","2007","19.85"
"POL","","ALL","2008","20.33"
"POL","","ALL","2009","20.8"
"POL","","ALL","2010","21.27"
"POL","","ALL","2011","21.74"
"POL","","ALL","2012","22.21"
"POL","","ALL","2013","22.69"
"POL","","ALL","2014","23.17"
"POL","","ALL","2015","23.68"
"POL","","ALL","2016","24.2"
"POL","","ALL","2017","24.73"
"POL","","ALL","2018","25.26"
"POL","","ALL","2019","25.8"
"POL","","ALL","2020","26.35"
"POL","","ALL","2021","26.92"
"POL","","ALL","2022","27.5"
"PRT","","ALL","1975","5.4"
"PRT","","ALL","1976","5.6"
"PRT","","ALL","1977","5.8"
"PRT","","ALL","1978","6.1"
"PRT","","ALL","1979","6.3"
"PRT","","ALL","1980","6.6"
"PRT","","ALL","1981","6.8"
"PRT","","ALL","1982","7.1"
"PRT","","ALL","1983","7.4"
"PRT","","ALL","1984","7.7"
"PRT","","ALL","1985","8"
"PRT","","ALL","1986","8.3"
"PRT","","ALL","1987","8.6"
"PRT","","ALL","1988","8.9"
"PRT","","ALL","1989","9.3"
"PRT","","ALL","1990","11.7"
"PRT","","ALL","1991","11.87"
"PRT","","ALL","1992","12.06"
"PRT","","ALL","1993","12.28"
"PRT","","ALL","1994","12.53"
"PRT","","ALL","1995","12.81"
"PRT","","ALL","1996","13.13"
"PRT","","ALL","1997","13.46"
"PRT","","ALL","1998","13.82"
"PRT","","ALL","1999","14.19"
"PRT","","ALL","2000","14.57"
"PRT","","ALL","2001","14.95"
"PRT","","ALL","2002","15.34"
"PRT","","ALL","2003","15.72"
"PRT","","ALL","2004","16.1"
"PRT","","ALL","2005","16.47"
"PRT","","ALL","2006","16.83"
"PRT","","ALL","2007","17.18"
"PRT","","ALL","2008","17.52"
"PRT","","ALL","2009","17.83"
"PRT","","ALL","2010","18.13"
"PRT","","ALL","2011","18.42"
"PRT","","ALL","2012","18.69"
"PRT","","ALL","2013","18.97"
"PRT","","ALL","2014","19.24"
"PRT","","ALL","2015","19.53"
"PRT","","ALL","2016","19.82"
"PRT","","ALL","2017","20.12"
"PRT","","ALL","2018","20.43"
"PRT","","ALL","2019","20.74"
"PRT","","ALL","2020","21.08"
"PRT","","ALL","2021","21.43"
"PRT","","ALL","2022","21.79"
"ROU","","ALL","1975","8.3"
"ROU","","ALL","1976","8.5"
"ROU","","ALL","1977","8.8"
"ROU","","ALL","1978","9"
"ROU","","ALL","1979","9.3"
"ROU","","ALL","1980","9.6"
"ROU","","ALL","1981","9.9"
"ROU","","ALL","1982","10.2"
"ROU","","ALL","1983","10.5"
"ROU","","ALL","1984","10.9"
"ROU","","ALL","1985","11.2"
"ROU","","ALL","1986","11.5"
"ROU","","ALL","1987","11.9"
"ROU","","ALL","1988","12.3"
"ROU","","ALL","1989","12.6"
"ROU","","ALL","1990","8.41"
"ROU","","ALL","1991","8.57"
"ROU","","ALL","1992","8.75"
"ROU","","ALL","1993","8.95"
"ROU","","ALL","1994","9.18"
"ROU","","ALL","1995","9.46"
"ROU","","ALL","1996","9.77"
"ROU","","ALL","1997","10.14"
"ROU","","ALL","1998","10.56"
"ROU","","ALL","1999","11.05"
"ROU","","ALL","2000","11.59"
"ROU","","ALL","2001","12.19"
"ROU","","ALL","2002","12.85"
"ROU","","ALL","2003","13.55"
"ROU","","ALL","2004","14.3"
"ROU","","ALL","2005","15.1"
"ROU","","ALL","2006","15.95"
"ROU","","ALL","2007","16.85"
"ROU","","ALL","2008","17.8"
"ROU","","ALL","2009","18.78"
"ROU","","ALL","2010","19.79"
"ROU","","ALL","2011","20.84"
"ROU","","ALL","2012","21.92"
"ROU","","ALL","2013","23.03"
"ROU","","ALL","2014","24.16"
"ROU","","ALL","2015","25.32"
"ROU","","ALL","2016","26.52"
"ROU","","ALL","2017","27.73"
"ROU","","ALL","2018","28.96"
"ROU","","ALL","2019","30.2"
"ROU","","ALL","2020","31.46"
"ROU","","ALL","2021","32.75"
"ROU","","ALL","2022","34.04"
"RUS","","ALL","1975","13.9"
"RUS","","ALL","1976","14.2"
"RUS","","ALL","1977","14.4"
"RUS","","ALL","1978","14.7"
"RUS","","ALL","1979","15"
"RUS","","ALL","1980","15.2"
"RUS","","ALL","1981","15.4"
"RUS","","ALL","1982","15.7"
"RUS","","ALL","1983","15.9"
"RUS","","ALL","1984","16.1"
"RUS","","ALL","1985","16.3"
"RUS","","ALL","1986","16.5"
"RUS","","ALL","1987","16.7"
"RUS","","ALL","1988","16.9"
"RUS","","ALL","1989","17.1"
"RUS","","ALL","1990","16.74"
"RUS","","ALL","1991","16.79"
"RUS","","ALL","1992","16.86"
"RUS","","ALL","1993","16.96"
"RUS","","ALL","1994","17.11"
"RUS","","ALL","1995","17.29"
"RUS","","ALL","1996","17.5"
"RUS","","ALL","1997","17.73"
"RUS","","ALL","1998","17.99"
"RUS","","ALL","1999","18.29"
"RUS","","ALL","2000","18.61"
"RUS","","ALL","2001","18.94"
"RUS","","ALL","2002","19.29"
"RUS","","ALL","2003","19.64"
"RUS","","ALL","2004","20"
"RUS","","ALL","2005","20.34"
"RUS","","ALL","2006","20.66"
"RUS","","ALL","2007","20.98"
"RUS","","ALL","2008","21.28"
"RUS","","ALL","2009","21.56"
"RUS","","ALL","2010","21.82"
"RUS","","ALL","2011","22.05"
"RUS","","ALL","2012","22.27"
"RUS","","ALL","2013","22.48"
"RUS","","ALL","2014","22.67"
"RUS","","ALL","2015","22.86"
"RUS","","ALL","2016","23.04"
"RUS","","ALL","2017","23.23"
"RUS","","ALL","2018","23.41"
"RUS","","ALL","2019","23.59"
"RUS","","ALL","2020","23.78"
"RUS","","ALL","2021","23.98"
"RUS","","ALL","2022","24.19"
"","SEEHN","ALL","1975","8.47"
"","SEEHN","ALL","1976","8.8"
"","SEEHN","ALL","1977","9.1"
"","SEEHN","ALL","1978","9.37"
"","SEEHN","ALL","1979","9.67"
"","SEEHN","ALL","1980","9.98"
"","SEEHN","ALL","1981","10.3"
"","SEEHN","ALL","1982","10.6"
"","SEEHN","ALL","1983","10.89"
"","SEEHN","ALL","1984","11.26"
"","SEEHN","ALL","1985","11.55"
"","SEEHN","ALL","1986","11.86"
"","SEEHN","ALL","1987","12.2"
"","SEEHN","ALL","1988","12.54"
"","SEEHN","ALL","1989","12.84"
"","SEEHN","ALL","1990","11.3"
"","SEEHN","ALL","1991","11.46"
"","SEEHN","ALL","1992","11.65"
"","SEEHN","ALL","1993","11.84"
"","SEEHN","ALL","1994","12.06"
"","SEEHN","ALL","1995","12.3"
"","SEEHN","ALL","1996","12.58"
"","SEEHN","ALL","1997","12.82"
"","SEEHN","ALL","1998","13.17"
"","SEEHN","ALL","1999","13.55"
"","SEEHN","ALL","2000","13.98"
"","SEEHN","ALL","2001","14.44"
"","SEEHN","ALL","2002","14.93"
"","SEEHN","ALL","2003","15.41"
"","SEEHN","ALL","2004","15.91"
"","SEEHN","ALL","2005","16.43"
"","SEEHN","ALL","2006","16.97"
"","SEEHN","ALL","2007","17.52"
"","SEEHN","ALL","2008","18.08"
"","SEEHN","ALL","2009","18.64"
"","SEEHN","ALL","2010","19.21"
"","SEEHN","ALL","2011","19.78"
"","SEEHN","ALL","2012","20.36"
"","SEEHN","ALL","2013","20.98"
"","SEEHN","ALL","2014","21.45"
"","SEEHN","ALL","2015","22.04"
"","SEEHN","ALL","2016","22.63"
"","SEEHN","ALL","2017","23.48"
"","SEEHN","ALL","2018","24.12"
"","SEEHN","ALL","2019","24.77"
"","SEEHN","ALL","2020","25.45"
"","SEEHN","ALL","2021","25.85"
"","SEEHN","ALL","2022","26.54"
"","SMALL","ALL","1975","8.14"
"","SMALL","ALL","1976","8.47"
"","SMALL","ALL","1977","8.76"
"","SMALL","ALL","1978","9.06"
"","SMALL","ALL","1979","9.42"
"","SMALL","ALL","1980","9.77"
"","SMALL","ALL","1981","10.14"
"","SMALL","ALL","1982","10.51"
"","SMALL","ALL","1983","10.89"
"","SMALL","ALL","1984","11.21"
"","SMALL","ALL","1985","11.61"
"","SMALL","ALL","1986","11.99"
"","SMALL","ALL","1987","12.34"
"","SMALL","ALL","1988","12.76"
"","SMALL","ALL","1989","13.11"
"","SMALL","ALL","1990","13.51"
"","SMALL","ALL","1991","13.8"
"","SMALL","ALL","1992","14.04"
"","SMALL","ALL","1993","14.31"
"","SMALL","ALL","1994","14.59"
"","SMALL","ALL","1995","14.9"
"","SMALL","ALL","1996","15.23"
"","SMALL","ALL","1997","15.58"
"","SMALL","ALL","1998","15.95"
"","SMALL","ALL","1999","16.32"
"","SMALL","ALL","2000","16.79"
"","SMALL","ALL","2001","17.2"
"","SMALL","ALL","2002","17.58"
"","SMALL","ALL","2003","17.94"
"","SMALL","ALL","2004","18.29"
"","SMALL","ALL","2005","18.62"
"","SMALL","ALL","2006","18.93"
"","SMALL","ALL","2007","19.21"
"","SMALL","ALL","2008","19.48"
"","SMALL","ALL","2009","19.71"
"","SMALL","ALL","2010","19.95"
"","SMALL","ALL","2011","20.13"
"","SMALL","ALL","2012","20.29"
"","SMALL","ALL","2013","20.44"
"","SMALL","ALL","2014","20.54"
"","SMALL","ALL","2015","20.69"
"","SMALL","ALL","2016","20.84"
"","SMALL","ALL","2017","21.18"
"","SMALL","ALL","2018","21.35"
"","SMALL","ALL","2019","21.53"
"","SMALL","ALL","2020","21.85"
"","SMALL","ALL","2021","22.04"
"","SMALL","ALL","2022","22.34"
"SRB","","ALL","1975","7.9"
"SRB","","ALL","1976","8.2"
"SRB","","ALL","1977","8.5"
"SRB","","ALL","1978","8.8"
"SRB","","ALL","1979","9"
"SRB","","ALL","1980","9.3"
"SRB","","ALL","1981","9.6"
"SRB","","ALL","1982","9.9"
"SRB","","ALL","1983","10.2"
"SRB","","ALL","1984","10.5"
"SRB","","ALL","1985","10.8"
"SRB","","ALL","1986","11.1"
"SRB","","ALL","1987","11.4"
"SRB","","ALL","1988","11.7"
"SRB","","ALL","1989","12"
"SRB","","ALL","1990","12.79"
"SRB","","ALL","1991","12.88"
"SRB","","ALL","1992","12.98"
"SRB","","ALL","1993","13.09"
"SRB","","ALL","1994","13.22"
"SRB","","ALL","1995","13.36"
"SRB","","ALL","1996","13.52"
"SRB","","ALL","1997","13.7"
"SRB","","ALL","1998","13.92"
"SRB","","ALL","1999","14.16"
"SRB","","ALL","2000","14.42"
"SRB","","ALL","2001","14.7"
"SRB","","ALL","2002","14.98"
"SRB","","ALL","2003","15.27"
"SRB","","ALL","2004","15.57"
"SRB","","ALL","2005","15.88"
"SRB","","ALL","2006","16.19"
"SRB","","ALL","2007","16.52"
"SRB","","ALL","2008","16.85"
"SRB","","ALL","2009","17.19"
"SRB","","ALL","2010","17.53"
"SRB","","ALL","2011","17.87"
"SRB","","ALL","2012","18.21"
"SRB","","ALL","2013","18.57"
"SRB","","ALL","2014","18.94"
"SRB","","ALL","2015","19.33"
"SRB","","ALL","2016","19.74"
"SRB","","ALL","2017","20.17"
"SRB","","ALL","2018","20.6"
"SRB","","ALL","2019","21.05"
"SRB","","ALL","2020","21.51"
"SRB","","ALL","2021","22"
"SRB","","ALL","2022","22.51"
"SVK","","ALL","1975","7.9"
"SVK","","ALL","1976","8.2"
"SVK","","ALL","1977","8.6"
"SVK","","ALL","1978","8.9"
"SVK","","ALL","1979","9.3"
"SVK","","ALL","1980","9.6"
"SVK","","ALL","1981","10"
"SVK","","ALL","1982","10.3"
"SVK","","ALL","1983","10.6"
"SVK","","ALL","1984","11"
"SVK","","ALL","1985","11.3"
"SVK","","ALL","1986","11.6"
"SVK","","ALL","1987","11.9"
"SVK","","ALL","1988","12.2"
"SVK","","ALL","1989","12.5"
"SVK","","ALL","1990","12.83"
"SVK","","ALL","1991","12.99"
"SVK","","ALL","1992","13.16"
"SVK","","ALL","1993","13.34"
"SVK","","ALL","1994","13.54"
"SVK","","ALL","1995","13.75"
"SVK","","ALL","1996","14"
"SVK","","ALL","1997","14.27"
"SVK","","ALL","1998","14.57"
"SVK","","ALL","1999","14.9"
"SVK","","ALL","2000","15.25"
"SVK","","ALL","2001","15.63"
"SVK","","ALL","2002","16.03"
"SVK","","ALL","2003","16.43"
"SVK","","ALL","2004","16.86"
"SVK","","ALL","2005","17.3"
"SVK","","ALL","2006","17.75"
"SVK","","ALL","2007","18.23"
"SVK","","ALL","2008","18.72"
"SVK","","ALL","2009","19.22"
"SVK","","ALL","2010","19.73"
"SVK","","ALL","2011","20.25"
"SVK","","ALL","2012","20.78"
"SVK","","ALL","2013","21.31"
"SVK","","ALL","2014","21.87"
"SVK","","ALL","2015","22.44"
"SVK","","ALL","2016","23.03"
"SVK","","ALL","2017","23.63"
"SVK","","ALL","2018","24.24"
"SVK","","ALL","2019","24.86"
"SVK","","ALL","2020","25.5"
"SVK","","ALL","2021","26.15"
"SVK","","ALL","2022","26.82"
"SVN","","ALL","1975","7.8"
"SVN","","ALL","1976","8.1"
"SVN","","ALL","1977","8.5"
"SVN","","ALL","1978","8.8"
"SVN","","ALL","1979","9.2"
"SVN","","ALL","1980","9.5"
"SVN","","ALL","1981","9.9"
"SVN","","ALL","1982","10.2"
"SVN","","ALL","1983","10.6"
"SVN","","ALL","1984","10.9"
"SVN","","ALL","1985","11.2"
"SVN","","ALL","1986","11.4"
"SVN","","ALL","1987","11.7"
"SVN","","ALL","1988","12"
"SVN","","ALL","1989","12.2"
"SVN","","ALL","1990","11.57"
"SVN","","ALL","1991","11.8"
"SVN","","ALL","1992","12.02"
"SVN","","ALL","1993","12.26"
"SVN","","ALL","1994","12.5"
"SVN","","ALL","1995","12.75"
"SVN","","ALL","1996","13.01"
"SVN","","ALL","1997","13.28"
"SVN","","ALL","1998","13.56"
"SVN","","ALL","1999","13.85"
"SVN","","ALL","2000","14.13"
"SVN","","ALL","2001","14.4"
"SVN","","ALL","2002","14.65"
"SVN","","ALL","2003","14.87"
"SVN","","ALL","2004","15.06"
"SVN","","ALL","2005","15.24"
"SVN","","ALL","2006","15.4"
"SVN","","ALL","2007","15.56"
"SVN","","ALL","2008","15.71"
"SVN","","ALL","2009","15.86"
"SVN","","ALL","2010","16"
"SVN","","ALL","2011","16.13"
"SVN","","ALL","2012","16.27"
"SVN","","ALL","2013","16.42"
"SVN","","ALL","2014","16.6"
"SVN","","ALL","2015","16.82"
"SVN","","ALL","2016","17.08"
"SVN","","ALL","2017","17.38"
"SVN","","ALL","2018","17.71"
"SVN","","ALL","2019","18.09"
"SVN","","ALL","2020","18.5"
"SVN","","ALL","2021","18.95"
"SVN","","ALL","2022","19.44"
"SWE","","ALL","1975","7.9"
"SWE","","ALL","1976","8.2"
"SWE","","ALL","1977","8.4"
"SWE","","ALL","1978","8.6"
"SWE","","ALL","1979","8.8"
"SWE","","ALL","1980","9"
"SWE","","ALL","1981","9.2"
"SWE","","ALL","1982","9.4"
"SWE","","ALL","1983","9.7"
"SWE","","ALL","1984","9.9"
"SWE","","ALL","1985","10.1"
"SWE","","ALL","1986","10.3"
"SWE","","ALL","1987","10.6"
"SWE","","ALL","1988","10.8"
"SWE","","ALL","1989","11.1"
"SWE","","ALL","1990","8.72"
"SWE","","ALL","1991","9"
"SWE","","ALL","1992","9.29"
"SWE","","ALL","1993","9.6"
"SWE","","ALL","1994","9.93"
"SWE","","ALL","1995","10.28"
"SWE","","ALL","1996","10.64"
"SWE","","ALL","1997","11.02"
"SWE","","ALL","1998","11.39"
"SWE","","ALL","1999","11.77"
"SWE","","ALL","2000","12.14"
"SWE","","ALL","2001","12.5"
"SWE","","ALL","2002","12.84"
"SWE","","ALL","2003","13.16"
"SWE","","ALL","2004","13.46"
"SWE","","ALL","2005","13.73"
"SWE","","ALL","2006","13.96"
"SWE","","ALL","2007","14.16"
"SWE","","ALL","2008","14.33"
"SWE","","ALL","2009","14.45"
"SWE","","ALL","2010","14.54"
"SWE","","ALL","2011","14.6"
"SWE","","ALL","2012","14.63"
"SWE","","ALL","2013","14.67"
"SWE","","ALL","2014","14.7"
"SWE","","ALL","2015","14.74"
"SWE","","ALL","2016","14.8"
"SWE","","ALL","2017","14.86"
"SWE","","ALL","2018","14.93"
"SWE","","ALL","2019","15"
"SWE","","ALL","2020","15.08"
"SWE","","ALL","2021","15.17"
"SWE","","ALL","2022","15.27"
"TJK","","ALL","1975","4.1"
"TJK","","ALL","1976","4.2"
"TJK","","ALL","1977","4.3"
"TJK","","ALL","1978","4.4"
"TJK","","ALL","1979","4.5"
"TJK","","ALL","1980","4.7"
"TJK","","ALL","1981","4.8"
"TJK","","ALL","1982","4.9"
"TJK","","ALL","1983","5"
"TJK","","ALL","1984","5.2"
"TJK","","ALL","1985","5.3"
"TJK","","ALL","1986","5.5"
"TJK","","ALL","1987","5.6"
"TJK","","ALL","1988","5.8"
"TJK","","ALL","1989","6"
"TJK","","ALL","1990","7.48"
"TJK","","ALL","1991","7.71"
"TJK","","ALL","1992","7.96"
"TJK","","ALL","1993","8.22"
"TJK","","ALL","1994","8.5"
"TJK","","ALL","1995","8.79"
"TJK","","ALL","1996","9.1"
"TJK","","ALL","1997","9.43"
"TJK","","ALL","1998","9.78"
"TJK","","ALL","1999","10.15"
"TJK","","ALL","2000","10.55"
"TJK","","ALL","2001","10.97"
"TJK","","ALL","2002","11.42"
"TJK","","ALL","2003","11.9"
"TJK","","ALL","2004","12.4"
"TJK","","ALL","2005","12.92"
"TJK","","ALL","2006","13.46"
"TJK","","ALL","2007","14.03"
"TJK","","ALL","2008","14.62"
"TJK","","ALL","2009","15.22"
"TJK","","ALL","2010","15.84"
"TJK","","ALL","2011","16.46"
"TJK","","ALL","2012","17.11"
"TJK","","ALL","2013","17.76"
"TJK","","ALL","2014","18.42"
"TJK","","ALL","2015","19.09"
"TJK","","ALL","2016","19.76"
"TJK","","ALL","2017","20.44"
"TJK","","ALL","2018","21.1"
"TJK","","ALL","2019","21.76"
"TJK","","ALL","2020","22.43"
"TJK","","ALL","2021","23.11"
"TJK","","ALL","2022","23.79"
"TKM","","ALL","1975","5.6"
"TKM","","ALL","1976","5.8"
"TKM","","ALL","1977","5.9"
"TKM","","ALL","1978","6.1"
"TKM","","ALL","1979","6.2"
"TKM","","ALL","1980","6.4"
"TKM","","ALL","1981","6.6"
"TKM","","ALL","1982","6.7"
"TKM","","ALL","1983","6.9"
"TKM","","ALL","1984","7.1"
"TKM","","ALL","1985","7.2"
"TKM","","ALL","1986","7.4"
"TKM","","ALL","1987","7.6"
"TKM","","ALL","1988","7.8"
"TKM","","ALL","1989","8"
"TKM","","ALL","1990","8.52"
"TKM","","ALL","1991","8.78"
"TKM","","ALL","1992","9.05"
"TKM","","ALL","1993","9.33"
"TKM","","ALL","1994","9.62"
"TKM","","ALL","1995","9.93"
"TKM","","ALL","1996","10.25"
"TKM","","ALL","1997","10.6"
"TKM","","ALL","1998","10.96"
"TKM","","ALL","1999","11.34"
"TKM","","ALL","2000","11.73"
"TKM","","ALL","2001","12.14"
"TKM","","ALL","2002","12.56"
"TKM","","ALL","2003","13"
"TKM","","ALL","2004","13.45"
"TKM","","ALL","2005","13.91"
"TKM","","ALL","2006","14.38"
"TKM","","ALL","2007","14.85"
"TKM","","ALL","2008","15.33"
"TKM","","ALL","2009","15.8"
"TKM","","ALL","2010","16.27"
"TKM","","ALL","2011","16.74"
"TKM","","ALL","2012","17.2"
"TKM","","ALL","2013","17.65"
"TKM","","ALL","2014","18.09"
"TKM","","ALL","2015","18.52"
"TKM","","ALL","2016","18.95"
"TKM","","ALL","2017","19.36"
"TKM","","ALL","2018","19.77"
"TKM","","ALL","2019","20.17"
"TKM","","ALL","2020","20.57"
"TKM","","ALL","2021","20.98"
"TKM","","ALL","2022","21.4"
"TUR","","ALL","1975","8.6"
"TUR","","ALL","1976","8.9"
"TUR","","ALL","1977","9.3"
"TUR","","ALL","1978","9.6"
"TUR","","ALL","1979","10"
"TUR","","ALL","1980","10.4"
"TUR","","ALL","1981","10.8"
"TUR","","ALL","1982","11.3"
"TUR","","ALL","1983","11.8"
"TUR","","ALL","1984","12.3"
"TUR","","ALL","1985","13"
"TUR","","ALL","1986","13.6"
"TUR","","ALL","1987","14.2"
"TUR","","ALL","1988","14.9"
"TUR","","ALL","1989","15.6"
"TUR","","ALL","1990","18.33"
"TUR","","ALL","1991","18.88"
"TUR","","ALL","1992","19.43"
"TUR","","ALL","1993","19.99"
"TUR","","ALL","1994","20.55"
"TUR","","ALL","1995","21.12"
"TUR","","ALL","1996","21.7"
"TUR","","ALL","1997","22.29"
"TUR","","ALL","1998","22.88"
"TUR","","ALL","1999","23.48"
"TUR","","ALL","2000","24.07"
"TUR","","ALL","2001","24.66"
"TUR","","ALL","2002","25.24"
"TUR","","ALL","2003","25.79"
"TUR","","ALL","2004","26.31"
"TUR","","ALL","2005","26.79"
"TUR","","ALL","2006","27.24"
"TUR","","ALL","2007","27.66"
"TUR","","ALL","2008","28.07"
"TUR","","ALL","2009","28.46"
"TUR","","ALL","2010","28.85"
"TUR","","ALL","2011","29.22"
"TUR","","ALL","2012","29.6"
"TUR","","ALL","2013","29.98"
"TUR","","ALL","2014","30.37"
"TUR","","ALL","2015","30.76"
"TUR","","ALL","2016","31.17"
"TUR","","ALL","2017","31.56"
"TUR","","ALL","2018","31.92"
"TUR","","ALL","2019","32.26"
"TUR","","ALL","2020","32.6"
"TUR","","ALL","2021","32.95"
"TUR","","ALL","2022","33.3"
"UKR","","ALL","1975","12.3"
"UKR","","ALL","1976","12.6"
"UKR","","ALL","1977","12.8"
"UKR","","ALL","1978","13.1"
"UKR","","ALL","1979","13.4"
"UKR","","ALL","1980","13.7"
"UKR","","ALL","1981","14"
"UKR","","ALL","1982","14.3"
"UKR","","ALL","1983","14.6"
"UKR","","ALL","1984","14.9"
"UKR","","ALL","1985","15.2"
"UKR","","ALL","1986","15.5"
"UKR","","ALL","1987","15.8"
"UKR","","ALL","1988","16.1"
"UKR","","ALL","1989","16.3"
"UKR","","ALL","1990","16.49"
"UKR","","ALL","1991","16.57"
"UKR","","ALL","1992","16.66"
"UKR","","ALL","1993","16.78"
"UKR","","ALL","1994","16.93"
"UKR","","ALL","1995","17.11"
"UKR","","ALL","1996","17.31"
"UKR","","ALL","1997","17.55"
"UKR","","ALL","1998","17.81"
"UKR","","ALL","1999","18.09"
"UKR","","ALL","2000","18.4"
"UKR","","ALL","2001","18.72"
"UKR","","ALL","2002","19.05"
"UKR","","ALL","2003","19.38"
"UKR","","ALL","2004","19.71"
"UKR","","ALL","2005","20.03"
"UKR","","ALL","2006","20.34"
"UKR","","ALL","2007","20.63"
"UKR","","ALL","2008","20.91"
"UKR","","ALL","2009","21.16"
"UKR","","ALL","2010","21.4"
"UKR","","ALL","2011","21.61"
"UKR","","ALL","2012","21.8"
"UKR","","ALL","2013","21.99"
"UKR","","ALL","2014","22.17"
"UKR","","ALL","2015","22.35"
"UKR","","ALL","2016","22.53"
"UKR","","ALL","2017","22.7"
"UKR","","ALL","2018","22.87"
"UKR","","ALL","2019","23.05"
"UKR","","ALL","2020","23.23"
"UKR","","ALL","2021","23.43"
"UKR","","ALL","2022","23.63"
"UZB","","ALL","1975","4.4"
"UZB","","ALL","1976","4.6"
"UZB","","ALL","1977","4.8"
"UZB","","ALL","1978","5"
"UZB","","ALL","1979","5.2"
"UZB","","ALL","1980","5.4"
"UZB","","ALL","1981","5.6"
"UZB","","ALL","1982","5.8"
"UZB","","ALL","1983","6"
"UZB","","ALL","1984","6.2"
"UZB","","ALL","1985","6.4"
"UZB","","ALL","1986","6.6"
"UZB","","ALL","1987","6.8"
"UZB","","ALL","1988","7"
"UZB","","ALL","1989","7.2"
"UZB","","ALL","1990","8"
"UZB","","ALL","1991","8.28"
"UZB","","ALL","1992","8.58"
"UZB","","ALL","1993","8.89"
"UZB","","ALL","1994","9.23"
"UZB","","ALL","1995","9.6"
"UZB","","ALL","1996","10"
"UZB","","ALL","1997","10.42"
"UZB","","ALL","1998","10.88"
"UZB","","ALL","1999","11.38"
"UZB","","ALL","2000","11.92"
"UZB","","ALL","2001","12.49"
"UZB","","ALL","2002","13.1"
"UZB","","ALL","2003","13.75"
"UZB","","ALL","2004","14.44"
"UZB","","ALL","2005","15.17"
"UZB","","ALL","2006","15.93"
"UZB","","ALL","2007","16.72"
"UZB","","ALL","2008","17.55"
"UZB","","ALL","2009","18.4"
"UZB","","ALL","2010","19.27"
"UZB","","ALL","2011","20.15"
"UZB","","ALL","2012","21.05"
"UZB","","ALL","2013","21.96"
"UZB","","ALL","2014","22.87"
"UZB","","ALL","2015","23.78"
"UZB","","ALL","2016","24.69"
"UZB","","ALL","2017","25.59"
"UZB","","ALL","2018","26.48"
"UZB","","ALL","2019","27.36"
"UZB","","ALL","2020","28.24"
"UZB","","ALL","2021","29.13"
"UZB","","ALL","2022","30.03"
"","WESTERN_BALKANS","ALL","1975","7.27"
"","WESTERN_BALKANS","ALL","1976","7.57"
"","WESTERN_BALKANS","ALL","1977","7.81"
"","WESTERN_BALKANS","ALL","1978","8.09"
"","WESTERN_BALKANS","ALL","1979","8.33"
"","WESTERN_BALKANS","ALL","1980","8.62"
"","WESTERN_BALKANS","ALL","1981","8.9"
"","WESTERN_BALKANS","ALL","1982","9.16"
"","WESTERN_BALKANS","ALL","1983","9.44"
"","WESTERN_BALKANS","ALL","1984","9.73"
"","WESTERN_BALKANS","ALL","1985","10.01"
"","WESTERN_BALKANS","ALL","1986","10.28"
"","WESTERN_BALKANS","ALL","1987","10.57"
"","WESTERN_BALKANS","ALL","1988","10.87"
"","WESTERN_BALKANS","ALL","1989","11.13"
"","WESTERN_BALKANS","ALL","1990","12.3"
"","WESTERN_BALKANS","ALL","1991","12.41"
"","WESTERN_BALKANS","ALL","1992","12.55"
"","WESTERN_BALKANS","ALL","1993","12.69"
"","WESTERN_BALKANS","ALL","1994","12.84"
"","WESTERN_BALKANS","ALL","1995","13"
"","WESTERN_BALKANS","ALL","1996","13.19"
"","WESTERN_BALKANS","ALL","1997","13.39"
"","WESTERN_BALKANS","ALL","1998","13.62"
"","WESTERN_BALKANS","ALL","1999","13.87"
"","WESTERN_BALKANS","ALL","2000","14.18"
"","WESTERN_BALKANS","ALL","2001","14.49"
"","WESTERN_BALKANS","ALL","2002","14.79"
"","WESTERN_BALKANS","ALL","2003","15.1"
"","WESTERN_BALKANS","ALL","2004","15.41"
"","WESTERN_BALKANS","ALL","2005","15.75"
"","WESTERN_BALKANS","ALL","2006","16.09"
"","WESTERN_BALKANS","ALL","2007","16.44"
"","WESTERN_BALKANS","ALL","2008","16.79"
"","WESTERN_BALKANS","ALL","2009","17.15"
"","WESTERN_BALKANS","ALL","2010","17.51"
"","WESTERN_BALKANS","ALL","2011","17.88"
"","WESTERN_BALKANS","ALL","2012","18.25"
"","WESTERN_BALKANS","ALL","2013","18.64"
"","WESTERN_BALKANS","ALL","2014","19.04"
"","WESTERN_BALKANS","ALL","2015","19.46"
"","WESTERN_BALKANS","ALL","2016","19.9"
"","WESTERN_BALKANS","ALL","2017","20.38"
"","WESTERN_BALKANS","ALL","2018","20.84"
"","WESTERN_BALKANS","ALL","2019","21.31"
"","WESTERN_BALKANS","ALL","2020","21.81"
"","WESTERN_BALKANS","ALL","2021","22.35"
"","WESTERN_BALKANS","ALL","2022","22.87"
"","WHO_EURO","ALL","1975","9.81"
"","WHO_EURO","ALL","1976","10.07"
"","WHO_EURO","ALL","1977","10.33"
"","WHO_EURO","ALL","1978","10.59"
"","WHO_EURO","ALL","1979","10.87"
"","WHO_EURO","ALL","1980","11.16"
"","WHO_EURO","ALL","1981","11.42"
"","WHO_EURO","ALL","1982","11.71"
"","WHO_EURO","ALL","1983","11.98"
"","WHO_EURO","ALL","1984","12.27"
"","WHO_EURO","ALL","1985","12.55"
"","WHO_EURO","ALL","1986","12.85"
"","WHO_EURO","ALL","1987","13.14"
"","WHO_EURO","ALL","1988","13.44"
"","WHO_EURO","ALL","1989","13.75"
"","WHO_EURO","ALL","1990","13.68"
"","WHO_EURO","ALL","1991","13.89"
"","WHO_EURO","ALL","1992","14.12"
"","WHO_EURO","ALL","1993","14.37"
"","WHO_EURO","ALL","1994","14.64"
"","WHO_EURO","ALL","1995","14.94"
"","WHO_EURO","ALL","1996","15.27"
"","WHO_EURO","ALL","1997","15.61"
"","WHO_EURO","ALL","1998","15.97"
"","WHO_EURO","ALL","1999","16.35"
"","WHO_EURO","ALL","2000","16.74"
"","WHO_EURO","ALL","2001","17.13"
"","WHO_EURO","ALL","2002","17.52"
"","WHO_EURO","ALL","2003","17.91"
"","WHO_EURO","ALL","2004","18.28"
"","WHO_EURO","ALL","2005","18.65"
"","WHO_EURO","ALL","2006","18.99"
"","WHO_EURO","ALL","2007","19.31"
"","WHO_EURO","ALL","2008","19.61"
"","WHO_EURO","ALL","2009","19.89"
"","WHO_EURO","ALL","2010","20.15"
"","WHO_EURO","ALL","2011","20.39"
"","WHO_EURO","ALL","2012","20.61"
"","WHO_EURO","ALL","2013","20.82"
"","WHO_EURO","ALL","2014","21.03"
"","WHO_EURO","ALL","2015","21.24"
"","WHO_EURO","ALL","2016","21.46"
"","WHO_EURO","ALL","2017","21.72"
"","WHO_EURO","ALL","2018","21.95"
"","WHO_EURO","ALL","2019","22.18"
"","WHO_EURO","ALL","2020","22.42"
"","WHO_EURO","ALL","2021","22.64"
"","WHO_EURO","ALL","2022","22.9"

"Last update","2024.10.07 15:54:05 GMT"
"Description","Age-standardized prevalence of obesity (defined as BMI = 30 kg/m2) in people aged 18 years and over, WHO estimates (%), by sex"
"Reference link","https://dw.euro.who.int/api/v3/measures/HFA_630?lang=En"

"Copyright"
"© WHO Regional Office for Europe 2024. All rights reserved.","https://www.who.int/about/policies/publishing/copyright"
